country,year,suicide_rate
Albania,1979,2.721614079
Albania,1980,2.734478102
Albania,1981,2.747342125
Albania,1982,2.760206148
Albania,1983,2.773070171
Albania,1984,2.785934195
Albania,1985,2.798798218
Albania,1986,2.811662241
Albania,1987,2.5
Albania,1988,2.2
Albania,1989,2.4
Albania,1990,2.863118333
Albania,1991,2.875982356
Albania,1992,1.6
Albania,1993,2.5
Albania,1994,1.8
Albania,1995,2.9
Albania,1996,3
Albania,1997,5.5
Albania,1998,5
Albania,1999,4.5
Albania,2000,1.9
Albania,2001,4
Albania,2002,4.5
Albania,2003,4.1
Albania,2004,4.7
Albania,2005,0
Albania,2006,0
Albania,2007,4.1
Albania,2008,5.3
Albania,2009,0
Albania,2010,3.1
Albania,2011,3.133262817
Albania,2012,3.14612684
Albania,2013,3.158990863
Albania,2014,3.171854886
Albania,2015,3.184718909
Albania,2016,3.197582932
Argentina,1979,6.7
Argentina,1980,7.4
Argentina,1981,8.1
Argentina,1982,6.8
Argentina,1983,6.3
Argentina,1984,6.5
Argentina,1985,6.8
Argentina,1986,7.8
Argentina,1987,7.7
Argentina,1988,7.7
Argentina,1989,7.3
Argentina,1990,6.8
Argentina,1991,6.1
Argentina,1992,6.8
Argentina,1993,6.8
Argentina,1994,6.7
Argentina,1995,6.5
Argentina,1996,6.5
Argentina,1997,6.2
Argentina,1998,6.5
Argentina,1999,6.6
Argentina,2000,7.5
Argentina,2001,8.3
Argentina,2002,8.3
Argentina,2003,8.5
Argentina,2004,8
Argentina,2005,7.7
Argentina,2006,7.8
Argentina,2007,7.3
Argentina,2008,7.5
Argentina,2009,7
Argentina,2010,7
Argentina,2011,6.9
Argentina,2012,7.6
Argentina,2013,7
Argentina,2014,7.5
Argentina,2015,6.9
Argentina,2016,7.41036036
Armenia,1979,2.900270371
Armenia,1980,2.868636957
Armenia,1981,3.5
Armenia,1982,2.6
Armenia,1983,2.773736715
Armenia,1984,2.7421033
Armenia,1985,2.6
Armenia,1986,2.1
Armenia,1987,2.8
Armenia,1988,2
Armenia,1989,2.6
Armenia,1990,3
Armenia,1991,2.3
Armenia,1992,2.5
Armenia,1993,3
Armenia,1994,3.2
Armenia,1995,3.6
Armenia,1996,2.5
Armenia,1997,2
Armenia,1998,1.7
Armenia,1999,1.7
Armenia,2000,1.6
Armenia,2001,1.5
Armenia,2002,2.2
Armenia,2003,1.8
Armenia,2004,2.109435018
Armenia,2005,2.077801604
Armenia,2006,2.4
Armenia,2007,2.1
Armenia,2008,1.7
Armenia,2009,1.6
Armenia,2010,2.3
Armenia,2011,2
Armenia,2012,2.4
Armenia,2013,1.9
Armenia,2014,1.5
Armenia,2015,2
Armenia,2016,1.8
Aruba,1979,3.822953745
Aruba,1980,3.896810741
Aruba,1981,3.970667737
Aruba,1982,4.044524733
Aruba,1983,4.11838173
Aruba,1984,4.192238726
Aruba,1985,4.266095722
Aruba,1986,4.339952719
Aruba,1987,0
Aruba,1988,4.487666711
Aruba,1989,4.561523708
Aruba,1990,0
Aruba,1991,4.7092377
Aruba,1992,4.783094696
Aruba,1993,4.856951693
Aruba,1994,4.930808689
Aruba,1995,9.3
Aruba,1996,5.078522682
Aruba,1997,5.152379678
Aruba,1998,5.226236674
Aruba,1999,9.6
Aruba,2000,10.5
Aruba,2001,3.3
Aruba,2002,9.2
Aruba,2003,1.4
Aruba,2004,8.2
Aruba,2005,8.5
Aruba,2006,8
Aruba,2007,7.9
Aruba,2008,3.2
Aruba,2009,3.8
Aruba,2010,5.1
Aruba,2011,8.1
Aruba,2012,3.3
Aruba,2013,1.2
Aruba,2014,5.1
Aruba,2015,8.5
Aruba,2016,6.555662608
Australia,1979,11.6
Australia,1980,10.9
Australia,1981,11.1
Australia,1982,11.3
Australia,1983,10.7
Australia,1984,10.9
Australia,1985,11.4
Australia,1986,12.3
Australia,1987,12.7
Australia,1988,12.5
Australia,1989,11.6
Australia,1990,12.2
Australia,1991,12.5
Australia,1992,12.1
Australia,1993,10.8
Australia,1994,12
Australia,1995,11.3
Australia,1996,12.4
Australia,1997,13.5
Australia,1998,13.3
Australia,1999,12.4
Australia,2000,11.7
Australia,2001,11.8
Australia,2002,11
Australia,2003,10.1
Australia,2004,9.7
Australia,2005,10.87945545
Australia,2006,9.4
Australia,2007,9.7
Australia,2008,10
Australia,2009,9.6
Australia,2010,9.8
Australia,2011,9.7
Australia,2012,10.3
Australia,2013,10.2
Australia,2014,11.2
Australia,2015,11.6
Australia,2016,10.37257827
Austria,1979,24.80765766
Austria,1980,22.6
Austria,1981,23.5
Austria,1982,24.1
Austria,1983,23.3
Austria,1984,23.1
Austria,1985,23.8
Austria,1986,24.4
Austria,1987,22.9
Austria,1988,20.4
Austria,1989,20.7
Austria,1990,19.5
Austria,1991,18.7
Austria,1992,18.6
Austria,1993,17.7
Austria,1994,18.6
Austria,1995,18.5
Austria,1996,18
Austria,1997,16.4
Austria,1998,15.9
Austria,1999,15.7
Austria,2000,15.9
Austria,2001,14.8
Austria,2002,15.2
Austria,2003,14.1
Austria,2004,13.7
Austria,2005,13.1
Austria,2006,11.9
Austria,2007,11.8
Austria,2008,11.2
Austria,2009,11.4
Austria,2010,11.4
Austria,2011,11.4
Austria,2012,10.9
Austria,2013,10.7
Austria,2014,11.2
Austria,2015,10.2
Austria,2016,9.7
Azerbaijan,1979,5.081254718
Azerbaijan,1980,4.903502944
Azerbaijan,1981,5.8
Azerbaijan,1982,4.8
Azerbaijan,1983,4.370247622
Azerbaijan,1984,4.192495848
Azerbaijan,1985,4.4
Azerbaijan,1986,4.3
Azerbaijan,1987,4.6
Azerbaijan,1988,4
Azerbaijan,1989,4
Azerbaijan,1990,2
Azerbaijan,1991,2.1
Azerbaijan,1992,2.4
Azerbaijan,1993,1.8
Azerbaijan,1994,0.8
Azerbaijan,1995,0.8
Azerbaijan,1996,1.1
Azerbaijan,1997,1.7
Azerbaijan,1998,0.8
Azerbaijan,1999,0.8
Azerbaijan,2000,0.8
Azerbaijan,2001,4.1
Azerbaijan,2002,1.2
Azerbaijan,2003,1.7
Azerbaijan,2004,1.3
Azerbaijan,2005,0.459708591
Azerbaijan,2006,0.281956817
Azerbaijan,2007,0.6
Azerbaijan,2008,-0.073546731
Azerbaijan,2009,-0.251298505
Azerbaijan,2010,-0.429050279
Azerbaijan,2011,-0.606802053
Azerbaijan,2012,-0.784553828
Azerbaijan,2013,-0.962305602
Azerbaijan,2014,-1.140057376
Azerbaijan,2015,-1.31780915
Azerbaijan,2016,-1.495560924
Bahamas,1979,1.518862888
Bahamas,1980,0.4
Bahamas,1981,0.8
Bahamas,1982,1.494470635
Bahamas,1983,2.6
Bahamas,1984,3.4
Bahamas,1985,0.5
Bahamas,1986,1.461947631
Bahamas,1987,1.3
Bahamas,1988,1.44568613
Bahamas,1989,1.437555379
Bahamas,1990,1.429424628
Bahamas,1991,1.421293877
Bahamas,1992,1.413163126
Bahamas,1993,2.9
Bahamas,1994,1.2
Bahamas,1995,0.6
Bahamas,1996,1.2
Bahamas,1997,0.7
Bahamas,1998,1.1
Bahamas,1999,1.9
Bahamas,2000,3.9
Bahamas,2001,0.3
Bahamas,2002,1
Bahamas,2003,0.3
Bahamas,2004,0.6
Bahamas,2005,1.2
Bahamas,2006,0.6
Bahamas,2007,1.4
Bahamas,2008,1.1
Bahamas,2009,1.6
Bahamas,2010,2.7
Bahamas,2011,1
Bahamas,2012,1.2
Bahamas,2013,1.2
Bahamas,2014,1.234286607
Bahamas,2015,1.226155856
Bahamas,2016,1.218025105
Bahrain,1979,2.997675525
Bahrain,1980,2.964973153
Bahrain,1981,2.932270781
Bahrain,1982,2.899568409
Bahrain,1983,2.866866037
Bahrain,1984,2.834163665
Bahrain,1985,2.4
Bahrain,1986,2.768758921
Bahrain,1987,2.4
Bahrain,1988,2.8
Bahrain,1989,2.670651805
Bahrain,1990,2.637949432
Bahrain,1991,2.60524706
Bahrain,1992,2.572544688
Bahrain,1993,2.539842316
Bahrain,1994,2.507139944
Bahrain,1995,2.474437572
Bahrain,1996,2.4417352
Bahrain,1997,0
Bahrain,1998,0
Bahrain,1999,2.1
Bahrain,2000,3.7
Bahrain,2001,2.9
Bahrain,2002,2.9
Bahrain,2003,3.7
Bahrain,2004,4.9
Bahrain,2005,4
Bahrain,2006,2.1
Bahrain,2007,3
Bahrain,2008,2.9
Bahrain,2009,2.5
Bahrain,2010,1.1
Bahrain,2011,1.4
Bahrain,2012,1
Bahrain,2013,0.3
Bahrain,2014,0.5
Bahrain,2015,1.820390131
Bahrain,2016,1.787687759
Barbados,1979,1
Barbados,1980,1.5
Barbados,1981,2.7
Barbados,1982,0.8
Barbados,1983,4
Barbados,1984,1.7
Barbados,1985,2.4
Barbados,1986,3.7
Barbados,1987,2.9
Barbados,1988,4.8
Barbados,1989,6.9
Barbados,1990,6.5
Barbados,1991,7
Barbados,1992,5.8
Barbados,1993,6.2
Barbados,1994,6.3
Barbados,1995,6.5
Barbados,1996,2.615421053
Barbados,1997,2.511763158
Barbados,1998,2.408105263
Barbados,1999,2.304447368
Barbados,2000,3.5
Barbados,2001,0.7
Barbados,2002,0
Barbados,2003,0
Barbados,2004,1
Barbados,2005,0.3
Barbados,2006,2.8
Barbados,2007,0
Barbados,2008,0.3
Barbados,2009,1.5
Barbados,2010,0.9
Barbados,2011,0
Barbados,2012,0
Barbados,2013,0
Barbados,2014,0.749578947
Barbados,2015,0.645921053
Barbados,2016,0.542263158
Belarus,1979,24.16417994
Belarus,1980,24.17047259
Belarus,1981,23.7
Belarus,1982,25.5
Belarus,1983,24.18935056
Belarus,1984,24.19564322
Belarus,1985,22
Belarus,1986,16.8
Belarus,1987,18
Belarus,1988,17.3
Belarus,1989,20.5
Belarus,1990,19.3
Belarus,1991,19.8
Belarus,1992,22.2
Belarus,1993,26.2
Belarus,1994,28.5
Belarus,1995,29
Belarus,1996,32.6
Belarus,1997,31.6
Belarus,1998,31.8
Belarus,1999,30.8
Belarus,2000,31.2
Belarus,2001,29.5
Belarus,2002,29.5
Belarus,2003,30.4
Belarus,2004,24.32149633
Belarus,2005,24.32778899
Belarus,2006,24.33408164
Belarus,2007,23.2
Belarus,2008,23
Belarus,2009,24
Belarus,2010,22
Belarus,2011,19.3
Belarus,2012,24.37183758
Belarus,2013,16.7
Belarus,2014,15.4
Belarus,2015,24.39071554
Belarus,2016,24.3970082
Belgium,1979,18.3
Belgium,1980,19
Belgium,1981,18.8
Belgium,1982,18.6
Belgium,1983,19.6
Belgium,1984,20.1
Belgium,1985,19.4
Belgium,1986,18.7
Belgium,1987,18.9
Belgium,1988,16.8
Belgium,1989,16
Belgium,1990,15.7
Belgium,1991,14.9
Belgium,1992,15.5
Belgium,1993,17.9
Belgium,1994,17.7
Belgium,1995,17.9
Belgium,1996,16.8
Belgium,1997,17.9
Belgium,1998,16.6
Belgium,1999,15.3
Belgium,2000,17.6
Belgium,2001,17.6
Belgium,2002,16.7
Belgium,2003,17
Belgium,2004,16
Belgium,2005,15.8
Belgium,2006,15.2
Belgium,2007,14.2
Belgium,2008,15.4
Belgium,2009,15.3
Belgium,2010,15.3
Belgium,2011,15.4
Belgium,2012,14.8
Belgium,2013,13.7
Belgium,2014,13.5
Belgium,2015,13.3
Belgium,2016,14.07747748
Belize,1979,1.053468936
Belize,1980,2
Belize,1981,1.437082125
Belize,1982,0
Belize,1983,0
Belize,1984,2.8
Belize,1985,2.204308503
Belize,1986,1.6
Belize,1987,2.6
Belize,1988,2.779728286
Belize,1989,0.5
Belize,1990,2.5
Belize,1991,2.2
Belize,1992,3.546954663
Belize,1993,0.6
Belize,1994,6.1
Belize,1995,9
Belize,1996,5
Belize,1997,0.6
Belize,1998,7.2
Belize,1999,8.2
Belize,2000,9.6
Belize,2001,8.6
Belize,2002,6.9
Belize,2003,5.6
Belize,2004,9.5
Belize,2005,4.2
Belize,2006,4.1
Belize,2007,3.3
Belize,2008,4
Belize,2009,5
Belize,2010,5.8
Belize,2011,10.5
Belize,2012,6.3
Belize,2013,5.3
Belize,2014,7.8
Belize,2015,8.3
Belize,2016,8.150312929
Brazil,1979,3.6
Brazil,1980,4
Brazil,1981,4
Brazil,1982,3.8
Brazil,1983,4.3
Brazil,1984,4.1
Brazil,1985,3.9
Brazil,1986,3.8
Brazil,1987,4
Brazil,1988,3.8
Brazil,1989,3.6
Brazil,1990,4
Brazil,1991,4.1
Brazil,1992,4
Brazil,1993,4.1
Brazil,1994,4.3
Brazil,1995,4.6
Brazil,1996,4.6
Brazil,1997,4.7
Brazil,1998,4.6
Brazil,1999,4.2
Brazil,2000,4.3
Brazil,2001,4.7
Brazil,2002,4.6
Brazil,2003,4.5
Brazil,2004,4.5
Brazil,2005,4.8
Brazil,2006,4.7
Brazil,2007,4.7
Brazil,2008,4.8
Brazil,2009,4.8
Brazil,2010,4.7
Brazil,2011,4.8
Brazil,2012,5
Brazil,2013,5
Brazil,2014,5
Brazil,2015,5.2
Brazil,2016,5.066666667
Brunei Darussalam,1979,3.766015038
Brunei Darussalam,1980,3.686165414
Brunei Darussalam,1981,3.606315789
Brunei Darussalam,1982,3.526466165
Brunei Darussalam,1983,3.446616541
Brunei Darussalam,1984,3.366766917
Brunei Darussalam,1985,3.286917293
Brunei Darussalam,1986,3.207067669
Brunei Darussalam,1987,3.127218045
Brunei Darussalam,1988,3.047368421
Brunei Darussalam,1989,2.967518797
Brunei Darussalam,1990,2.887669173
Brunei Darussalam,1991,2.807819549
Brunei Darussalam,1992,2.727969925
Brunei Darussalam,1993,2.648120301
Brunei Darussalam,1994,2.568270677
Brunei Darussalam,1995,2.488421053
Brunei Darussalam,1996,4.6
Brunei Darussalam,1997,3.9
Brunei Darussalam,1998,2.3
Brunei Darussalam,1999,0.5
Brunei Darussalam,2000,1.2
Brunei Darussalam,2001,1.7
Brunei Darussalam,2002,0.3
Brunei Darussalam,2003,1.2
Brunei Darussalam,2004,0.8
Brunei Darussalam,2005,1.6
Brunei Darussalam,2006,2.6
Brunei Darussalam,2007,2.2
Brunei Darussalam,2008,2.1
Brunei Darussalam,2009,0.4
Brunei Darussalam,2010,1.2
Brunei Darussalam,2011,1.1
Brunei Darussalam,2012,1.7
Brunei Darussalam,2013,1.2
Brunei Darussalam,2014,1
Brunei Darussalam,2015,1.4
Brunei Darussalam,2016,0.811578947
Bulgaria,1979,14.90840336
Bulgaria,1980,11.8
Bulgaria,1981,11.7
Bulgaria,1982,13.2
Bulgaria,1983,11.2
Bulgaria,1984,14.3
Bulgaria,1985,13.5
Bulgaria,1986,13.3
Bulgaria,1987,13.9
Bulgaria,1988,13.5
Bulgaria,1989,13.5
Bulgaria,1990,12.3
Bulgaria,1991,12.6
Bulgaria,1992,14.4
Bulgaria,1993,14.1
Bulgaria,1994,13.8
Bulgaria,1995,13.5
Bulgaria,1996,14.5
Bulgaria,1997,13.7
Bulgaria,1998,14.2
Bulgaria,1999,12.3
Bulgaria,2000,13.1
Bulgaria,2001,12.4
Bulgaria,2002,12.4
Bulgaria,2003,10.4
Bulgaria,2004,9.5
Bulgaria,2005,9.2
Bulgaria,2006,9.1
Bulgaria,2007,8.2
Bulgaria,2008,8.7
Bulgaria,2009,8
Bulgaria,2010,7.9
Bulgaria,2011,7.5
Bulgaria,2012,8.4
Bulgaria,2013,7
Bulgaria,2014,6.9
Bulgaria,2015,8.177310924
Bulgaria,2016,7.990336134
Canada,1979,13.8
Canada,1980,13.5
Canada,1981,13.4
Canada,1982,13.8
Canada,1983,14.3
Canada,1984,13
Canada,1985,12.1
Canada,1986,13.6
Canada,1987,13.2
Canada,1988,12.7
Canada,1989,12.5
Canada,1990,11.9
Canada,1991,12.3
Canada,1992,12.2
Canada,1993,12.2
Canada,1994,11.9
Canada,1995,12.5
Canada,1996,12.3
Canada,1997,11.3
Canada,1998,11.3
Canada,1999,12.1
Canada,2000,10.7
Canada,2001,10.8
Canada,2002,10.5
Canada,2003,10.6
Canada,2004,10.1
Canada,2005,10.2
Canada,2006,9.4
Canada,2007,9.6
Canada,2008,9.7
Canada,2009,10
Canada,2010,10
Canada,2011,9.4
Canada,2012,9.8
Canada,2013,9.8
Canada,2014,9.138151261
Canada,2015,9.000588235
Canada,2016,8.86302521
Chile,1979,4.815079365
Chile,1980,5.4
Chile,1981,6.4
Chile,1982,6.3
Chile,1983,6.2
Chile,1984,6.8
Chile,1985,6.4
Chile,1986,5.9
Chile,1987,6
Chile,1988,6
Chile,1989,6
Chile,1990,6.1
Chile,1991,6.3
Chile,1992,5.1
Chile,1993,5.8
Chile,1994,6.1
Chile,1995,6.9
Chile,1996,6.6
Chile,1997,6.4
Chile,1998,7.1
Chile,1999,7.1
Chile,2000,9.8
Chile,2001,10.6
Chile,2002,10.3
Chile,2003,10.4
Chile,2004,10.7
Chile,2005,10.2
Chile,2006,10.7
Chile,2007,10.9
Chile,2008,12.1
Chile,2009,12.2
Chile,2010,11.2
Chile,2011,11.2
Chile,2012,10
Chile,2013,9.3
Chile,2014,9.5
Chile,2015,9.6
Chile,2016,11.49603175
Colombia,1979,3.156873167
Colombia,1980,3.216293988
Colombia,1981,3.275714809
Colombia,1982,3.33513563
Colombia,1983,3.394556452
Colombia,1984,4.2
Colombia,1985,4
Colombia,1986,3.6
Colombia,1987,3.2
Colombia,1988,3.1
Colombia,1989,2.8
Colombia,1990,2.8
Colombia,1991,3.1
Colombia,1992,3.5
Colombia,1993,3.5
Colombia,1994,3.7
Colombia,1995,3.4
Colombia,1996,3.5
Colombia,1997,3.5
Colombia,1998,5.5
Colombia,1999,5.7
Colombia,2000,6
Colombia,2001,6.1
Colombia,2002,5.8
Colombia,2003,5.6
Colombia,2004,5.4
Colombia,2005,5
Colombia,2006,5.1
Colombia,2007,5
Colombia,2008,5
Colombia,2009,5
Colombia,2010,4.6
Colombia,2011,4.4
Colombia,2012,4.5
Colombia,2013,4.3
Colombia,2014,4.4
Colombia,2015,4.7
Colombia,2016,5.355443548
Costa Rica,1979,5.631428571
Costa Rica,1980,6.5
Costa Rica,1981,4.9
Costa Rica,1982,5.1
Costa Rica,1983,6.5
Costa Rica,1984,5.5
Costa Rica,1985,5.8
Costa Rica,1986,6.3
Costa Rica,1987,5.1
Costa Rica,1988,6
Costa Rica,1989,6.5
Costa Rica,1990,6.1
Costa Rica,1991,4.8
Costa Rica,1992,5.4
Costa Rica,1993,6
Costa Rica,1994,5.6
Costa Rica,1995,6.5
Costa Rica,1996,6.2
Costa Rica,1997,5.6
Costa Rica,1998,6.4
Costa Rica,1999,6.5
Costa Rica,2000,6.5
Costa Rica,2001,5.3
Costa Rica,2002,7
Costa Rica,2003,7.9
Costa Rica,2004,8
Costa Rica,2005,6.5
Costa Rica,2006,8.1
Costa Rica,2007,6.1
Costa Rica,2008,5.8
Costa Rica,2009,6.1
Costa Rica,2010,6.7
Costa Rica,2011,6.7
Costa Rica,2012,6.3
Costa Rica,2013,6.3
Costa Rica,2014,5.4
Costa Rica,2015,6.711428571
Costa Rica,2016,6.741428571
Croatia,1979,22.89701246
Croatia,1980,22.58377933
Croatia,1981,22.27054619
Croatia,1982,21.95731305
Croatia,1983,21.64407991
Croatia,1984,21.33084677
Croatia,1985,19.3
Croatia,1986,18.9
Croatia,1987,20.4
Croatia,1988,20.1
Croatia,1989,18.3
Croatia,1990,19.8
Croatia,1991,19.3
Croatia,1992,20.6
Croatia,1993,19.4
Croatia,1994,19.1
Croatia,1995,16.5
Croatia,1996,19.2
Croatia,1997,17.5
Croatia,1998,19.3
Croatia,1999,18.6
Croatia,2000,18
Croatia,2001,15.6
Croatia,2002,15.2
Croatia,2003,14.9
Croatia,2004,14.6
Croatia,2005,14.8
Croatia,2006,13.6
Croatia,2007,12.9
Croatia,2008,13
Croatia,2009,13
Croatia,2010,12.7
Croatia,2011,11.4
Croatia,2012,13.1
Croatia,2013,12.2
Croatia,2014,12.3
Croatia,2015,12.2
Croatia,2016,11.4
Cuba,1979,26.49336232
Cuba,1980,25.96523188
Cuba,1981,25.43710145
Cuba,1982,24.90897101
Cuba,1983,24.38084058
Cuba,1984,23.85271014
Cuba,1985,23.32457971
Cuba,1986,22.79644928
Cuba,1987,22.26831884
Cuba,1988,21.74018841
Cuba,1989,21.21205797
Cuba,1990,20.68392754
Cuba,1991,20.1557971
Cuba,1992,20.7
Cuba,1993,21.1
Cuba,1994,19.9
Cuba,1995,19.1
Cuba,1996,17.2
Cuba,1997,17.2
Cuba,1998,17.2
Cuba,1999,17
Cuba,2000,15.1
Cuba,2001,13.3
Cuba,2002,12.6
Cuba,2003,11.7
Cuba,2004,11.7
Cuba,2005,10.6
Cuba,2006,10.2
Cuba,2007,9.4
Cuba,2008,9.8
Cuba,2009,10.5
Cuba,2010,10.9
Cuba,2011,10.6
Cuba,2012,10.2
Cuba,2013,10
Cuba,2014,9.6
Cuba,2015,9.7
Cuba,2016,6.952536232
Czech Republic,1979,18.5016129
Czech Republic,1980,18.27016129
Czech Republic,1981,18.03870968
Czech Republic,1982,17.80725806
Czech Republic,1983,17.57580645
Czech Republic,1984,17.34435484
Czech Republic,1985,17.11290323
Czech Republic,1986,18.3
Czech Republic,1987,16.4
Czech Republic,1988,16.6
Czech Republic,1989,16.1
Czech Republic,1990,16.7
Czech Republic,1991,16.1
Czech Republic,1992,16.6
Czech Republic,1993,16.1
Czech Republic,1994,15.4
Czech Republic,1995,14.5
Czech Republic,1996,12.9
Czech Republic,1997,13.6
Czech Republic,1998,13.2
Czech Republic,1999,13
Czech Republic,2000,13.3
Czech Republic,2001,13
Czech Republic,2002,12.3
Czech Republic,2003,13.7
Czech Republic,2004,12.6
Czech Republic,2005,12.4
Czech Republic,2006,10.9
Czech Republic,2007,10.7
Czech Republic,2008,10.6
Czech Republic,2009,11.1
Czech Republic,2010,11.4
Czech Republic,2011,12.2
Czech Republic,2012,12.4
Czech Republic,2013,12.2
Czech Republic,2014,11.2
Czech Republic,2015,10.2
Czech Republic,2016,10
Denmark,1979,17.8634105
Denmark,1980,17.56324111
Denmark,1981,17.26307171
Denmark,1982,16.96290232
Denmark,1983,16.66273292
Denmark,1984,16.36256352
Denmark,1985,16.06239413
Denmark,1986,15.76222473
Denmark,1987,15.46205534
Denmark,1988,15.16188594
Denmark,1989,14.86171654
Denmark,1990,14.56154715
Denmark,1991,14.26137775
Denmark,1992,13.96120836
Denmark,1993,13.66103896
Denmark,1994,15.1
Denmark,1995,14.2
Denmark,1996,13.6
Denmark,1997,12.5
Denmark,1998,11.7
Denmark,1999,11.9
Denmark,2000,11
Denmark,2001,10.7
Denmark,2002,10.2
Denmark,2003,9.3
Denmark,2004,10.1
Denmark,2005,9
Denmark,2006,9.3
Denmark,2007,8.4
Denmark,2008,8.7
Denmark,2009,8.7
Denmark,2010,7.9
Denmark,2011,8.4
Denmark,2012,9.2
Denmark,2013,8.4
Denmark,2014,8.7
Denmark,2015,7.6
Denmark,2016,6.757142857
Ecuador,1979,3.5
Ecuador,1980,3.1
Ecuador,1981,4.3
Ecuador,1982,5.3
Ecuador,1983,4.9
Ecuador,1984,5.2
Ecuador,1985,5.3
Ecuador,1986,4.9
Ecuador,1987,4.6
Ecuador,1988,5.5
Ecuador,1989,4.7
Ecuador,1990,4.8
Ecuador,1991,5.2
Ecuador,1992,5.2
Ecuador,1993,5.7
Ecuador,1994,5
Ecuador,1995,5.2
Ecuador,1996,5.5
Ecuador,1997,5.1
Ecuador,1998,4.7
Ecuador,1999,5.2
Ecuador,2000,4.5
Ecuador,2001,4.8
Ecuador,2002,4.6
Ecuador,2003,5.3
Ecuador,2004,6.1
Ecuador,2005,7.2
Ecuador,2006,6.7
Ecuador,2007,7.3
Ecuador,2008,6.7
Ecuador,2009,6.9
Ecuador,2010,6.2
Ecuador,2011,6.1
Ecuador,2012,6.4
Ecuador,2013,4.4
Ecuador,2014,4.7
Ecuador,2015,6.7
Ecuador,2016,6.375225225
El Salvador,1979,13.23326799
El Salvador,1980,13.05620962
El Salvador,1981,11.8
El Salvador,1982,13.6
El Salvador,1983,14.1
El Salvador,1984,13.2
El Salvador,1985,12.17091778
El Salvador,1986,11.99385941
El Salvador,1987,11.81680104
El Salvador,1988,11.63974267
El Salvador,1989,11.4626843
El Salvador,1990,12.4
El Salvador,1991,10.4
El Salvador,1992,8.9
El Salvador,1993,8.4
El Salvador,1994,10.57739246
El Salvador,1995,11.6
El Salvador,1996,10.3
El Salvador,1997,11
El Salvador,1998,9.7
El Salvador,1999,9.6
El Salvador,2000,8.6
El Salvador,2001,9.5
El Salvador,2002,8.1
El Salvador,2003,9.7
El Salvador,2004,8.5
El Salvador,2005,8.2
El Salvador,2006,7.2
El Salvador,2007,8.9
El Salvador,2008,8.6
El Salvador,2009,8.8
El Salvador,2010,6.8
El Salvador,2011,8
El Salvador,2012,8.5
El Salvador,2013,8.1
El Salvador,2014,6.4
El Salvador,2015,6.859166713
El Salvador,2016,6.682108344
Estonia,1979,35.15739454
Estonia,1980,34.56883659
Estonia,1981,33.8
Estonia,1982,29.5
Estonia,1983,32.80316271
Estonia,1984,32.21460476
Estonia,1985,28.6
Estonia,1986,25.3
Estonia,1987,23.2
Estonia,1988,22.5
Estonia,1989,24.1
Estonia,1990,25
Estonia,1991,24.5
Estonia,1992,29.4
Estonia,1993,34.9
Estonia,1994,37.7
Estonia,1995,36.7
Estonia,1996,34.3
Estonia,1997,32.9
Estonia,1998,30.2
Estonia,1999,29.5
Estonia,2000,23.2
Estonia,2001,25
Estonia,2002,23.3
Estonia,2003,21.2
Estonia,2004,20.4
Estonia,2005,16.8
Estonia,2006,14.7
Estonia,2007,15.2
Estonia,2008,15.2
Estonia,2009,16.2
Estonia,2010,13.6
Estonia,2011,13.1
Estonia,2012,13.9
Estonia,2013,12.6
Estonia,2014,15.2
Estonia,2015,12.4
Estonia,2016,13.38075013
Finland,1979,31.668867
Finland,1980,31.14034483
Finland,1981,30.61182266
Finland,1982,30.08330049
Finland,1983,29.55477833
Finland,1984,29.02625616
Finland,1985,28.49773399
Finland,1986,27.96921182
Finland,1987,24.8
Finland,1988,25.5
Finland,1989,25.7
Finland,1990,27.5
Finland,1991,26.8
Finland,1992,26
Finland,1993,24.7
Finland,1994,24.9
Finland,1995,24.5
Finland,1996,21.9
Finland,1997,23.2
Finland,1998,21.1
Finland,1999,21
Finland,2000,20.2
Finland,2001,20.6
Finland,2002,18.5
Finland,2003,18.2
Finland,2004,18.1
Finland,2005,16.2
Finland,2006,17.6
Finland,2007,16.3
Finland,2008,17.1
Finland,2009,17.1
Finland,2010,15.9
Finland,2011,14.8
Finland,2012,14.2
Finland,2013,14.3
Finland,2014,12.8
Finland,2015,11.7
Finland,2016,12.1135468
France,1979,16.3
France,1980,16.9
France,1981,17
France,1982,18
France,1983,18.6
France,1984,18.9
France,1985,19.3
France,1986,19.5
France,1987,18.5
France,1988,17.5
France,1989,17.5
France,1990,16.8
France,1991,16.9
France,1992,17
France,1993,17.9
France,1994,17.4
France,1995,16.8
France,1996,16
France,1997,15.6
France,1998,14.8
France,1999,14.4
France,2000,15
France,2001,14.5
France,2002,14.6
France,2003,14.8
France,2004,14.5
France,2005,14.1
France,2006,13.6
France,2007,13
France,2008,13.2
France,2009,13.3
France,2010,13.1
France,2011,12.9
France,2012,11.9
France,2013,11.7
France,2014,10.7
France,2015,11.93380952
France,2016,11.73428571
Georgia,1979,4.477967595
Georgia,1980,4.415492223
Georgia,1981,6
Georgia,1982,4.9
Georgia,1983,4.228066109
Georgia,1984,4.165590737
Georgia,1985,4.4
Georgia,1986,4.4
Georgia,1987,4
Georgia,1988,4
Georgia,1989,4.4
Georgia,1990,3.4
Georgia,1991,3
Georgia,1992,3.5
Georgia,1993,3.603312394
Georgia,1994,2.3
Georgia,1995,2.7
Georgia,1996,3.2
Georgia,1997,3.6
Georgia,1998,3
Georgia,1999,3.8
Georgia,2000,2.5
Georgia,2001,1.9
Georgia,2002,3.041034051
Georgia,2003,2.97855868
Georgia,2004,3.7
Georgia,2005,1.8
Georgia,2006,1.4
Georgia,2007,2
Georgia,2008,2.666181822
Georgia,2009,3.6
Georgia,2010,2.1
Georgia,2011,1.8
Georgia,2012,2
Georgia,2013,2.9
Georgia,2014,4.1
Georgia,2015,4.1
Georgia,2016,2.166378851
Germany,1979,15.51764103
Germany,1980,15.29692308
Germany,1981,15.07620513
Germany,1982,14.85548718
Germany,1983,14.63476923
Germany,1984,14.41405128
Germany,1985,14.19333333
Germany,1986,13.97261538
Germany,1987,13.75189744
Germany,1988,13.53117949
Germany,1989,13.31046154
Germany,1990,13.7
Germany,1991,13.7
Germany,1992,13
Germany,1993,12.2
Germany,1994,12.3
Germany,1995,12.4
Germany,1996,11.8
Germany,1997,11.7
Germany,1998,11.2
Germany,1999,10.6
Germany,2000,10.4
Germany,2001,10.4
Germany,2002,10.3
Germany,2003,10.2
Germany,2004,9.7
Germany,2005,9.2
Germany,2006,8.6
Germany,2007,8.3
Germany,2008,8.4
Germany,2009,8.4
Germany,2010,8.8
Germany,2011,8.8
Germany,2012,8.5
Germany,2013,8.7
Germany,2014,8.8
Germany,2015,8.5
Germany,2016,7.351076923
Greece,1979,2.6
Greece,1980,2.8
Greece,1981,3
Greece,1982,3.1
Greece,1983,3.3
Greece,1984,3.5
Greece,1985,3.5
Greece,1986,3.4
Greece,1987,3.5
Greece,1988,3.4
Greece,1989,3.3
Greece,1990,2.9
Greece,1991,3.1
Greece,1992,2.8
Greece,1993,3.3
Greece,1994,2.8
Greece,1995,2.9
Greece,1996,2.8
Greece,1997,3
Greece,1998,3
Greece,1999,2.9
Greece,2000,2.9
Greece,2001,2.5
Greece,2002,2.3
Greece,2003,2.8
Greece,2004,2.5
Greece,2005,2.8
Greece,2006,2.8
Greece,2007,2.4
Greece,2008,2.6
Greece,2009,2.7
Greece,2010,2.6
Greece,2011,3.4
Greece,2012,3.6
Greece,2013,3.9
Greece,2014,4
Greece,2015,3.7
Greece,2016,3.052252252
Grenada,1979,3.771510334
Grenada,1980,3.685360303
Grenada,1981,3.599210272
Grenada,1982,3.51306024
Grenada,1983,3.426910209
Grenada,1984,3.340760177
Grenada,1985,1.9
Grenada,1986,3.168460114
Grenada,1987,3.082310083
Grenada,1988,3.5
Grenada,1989,5.8
Grenada,1990,2.9
Grenada,1991,0
Grenada,1992,0
Grenada,1993,3.6
Grenada,1994,5.8
Grenada,1995,0.8
Grenada,1996,1.1
Grenada,1997,2.220809769
Grenada,1998,2.134659737
Grenada,1999,2.048509706
Grenada,2000,1.962359675
Grenada,2001,0
Grenada,2002,0
Grenada,2003,5.4
Grenada,2004,1.2
Grenada,2005,7
Grenada,2006,1.4
Grenada,2007,3
Grenada,2008,0
Grenada,2009,0
Grenada,2010,0
Grenada,2011,1.4
Grenada,2012,2
Grenada,2013,0
Grenada,2014,0
Grenada,2015,0
Grenada,2016,0
Guadeloupe,1979,9.297045144
Guadeloupe,1980,9.244076607
Guadeloupe,1981,9.1
Guadeloupe,1982,9.138139535
Guadeloupe,1983,9.085170999
Guadeloupe,1984,9.032202462
Guadeloupe,1985,8.979233926
Guadeloupe,1986,8.92626539
Guadeloupe,1987,8.873296854
Guadeloupe,1988,8.820328317
Guadeloupe,1989,8.767359781
Guadeloupe,1990,8.714391245
Guadeloupe,1991,8.661422709
Guadeloupe,1992,8.608454172
Guadeloupe,1993,8.555485636
Guadeloupe,1994,8.5025171
Guadeloupe,1995,8.449548564
Guadeloupe,1996,8.396580027
Guadeloupe,1997,8.343611491
Guadeloupe,1998,8.290642955
Guadeloupe,1999,8.237674419
Guadeloupe,2000,8.1
Guadeloupe,2001,7.3
Guadeloupe,2002,8.1
Guadeloupe,2003,6.8
Guadeloupe,2004,8.1
Guadeloupe,2005,9.8
Guadeloupe,2006,8
Guadeloupe,2007,7
Guadeloupe,2008,8.7
Guadeloupe,2009,8.1
Guadeloupe,2010,9.2
Guadeloupe,2011,7.4
Guadeloupe,2012,8.2
Guadeloupe,2013,7.7
Guadeloupe,2014,4.8
Guadeloupe,2015,7.390177839
Guadeloupe,2016,7.337209302
Guatemala,1979,1.7
Guatemala,1980,1.6
Guatemala,1981,0.8
Guatemala,1982,1.82732756
Guatemala,1983,1.869379943
Guatemala,1984,0.9
Guatemala,1985,1.953484709
Guatemala,1986,3.1
Guatemala,1987,3.7
Guatemala,1988,2.6
Guatemala,1989,2.3
Guatemala,1990,2.3
Guatemala,1991,2.3
Guatemala,1992,2.6
Guatemala,1993,2.3
Guatemala,1994,1.8
Guatemala,1995,2.6
Guatemala,1996,2
Guatemala,1997,2.1
Guatemala,1998,2.3
Guatemala,1999,2.7
Guatemala,2000,1.9
Guatemala,2001,2.1
Guatemala,2002,2.8
Guatemala,2003,2.5
Guatemala,2004,2.3
Guatemala,2005,2.1
Guatemala,2006,2.7
Guatemala,2007,2.9
Guatemala,2008,4.1
Guatemala,2009,4.2
Guatemala,2010,2.7
Guatemala,2011,2.5
Guatemala,2012,3
Guatemala,2013,3.1
Guatemala,2014,3.5
Guatemala,2015,3.2
Guatemala,2016,3.257108577
Guyana,1979,0
Guyana,1980,0.925458502
Guyana,1981,1.866568231
Guyana,1982,2.807677961
Guyana,1983,3.74878769
Guyana,1984,1.7
Guyana,1985,5.63100715
Guyana,1986,6.572116879
Guyana,1987,7.513226609
Guyana,1988,8
Guyana,1989,14.4
Guyana,1990,13.4
Guyana,1991,15
Guyana,1992,12.5
Guyana,1993,10.5
Guyana,1994,12.3
Guyana,1995,15.6
Guyana,1996,9.3
Guyana,1997,5.8
Guyana,1998,5.5
Guyana,1999,23.2
Guyana,2000,19.74765309
Guyana,2001,31
Guyana,2002,26.7
Guyana,2003,30
Guyana,2004,28.1
Guyana,2005,25.9
Guyana,2006,30
Guyana,2007,27.6
Guyana,2008,25.4
Guyana,2009,23.3
Guyana,2010,29.6
Guyana,2011,27.6
Guyana,2012,29.4
Guyana,2013,28.8
Guyana,2014,32.92318931
Guyana,2015,33.86429904
Guyana,2016,34.80540877
Hong Kong SAR,1979,15.7
Hong Kong SAR,1980,15.1
Hong Kong SAR,1981,10.9
Hong Kong SAR,1982,8.9
Hong Kong SAR,1983,9.1
Hong Kong SAR,1984,9.5
Hong Kong SAR,1985,13.1
Hong Kong SAR,1986,12.3
Hong Kong SAR,1987,10.8
Hong Kong SAR,1988,9.8
Hong Kong SAR,1989,10
Hong Kong SAR,1990,11.2
Hong Kong SAR,1991,12.2
Hong Kong SAR,1992,11.9
Hong Kong SAR,1993,9.4
Hong Kong SAR,1994,11.3
Hong Kong SAR,1995,10.6
Hong Kong SAR,1996,10.8
Hong Kong SAR,1997,8.8
Hong Kong SAR,1998,11.5
Hong Kong SAR,1999,11.4
Hong Kong SAR,2000,11.5
Hong Kong SAR,2001,12.6
Hong Kong SAR,2002,13.1
Hong Kong SAR,2003,13.6
Hong Kong SAR,2004,15.4
Hong Kong SAR,2005,13.4
Hong Kong SAR,2006,12.1
Hong Kong SAR,2007,10.5
Hong Kong SAR,2008,10
Hong Kong SAR,2009,11.4
Hong Kong SAR,2010,10.9
Hong Kong SAR,2011,8.8
Hong Kong SAR,2012,8.8
Hong Kong SAR,2013,10.7
Hong Kong SAR,2014,9.5
Hong Kong SAR,2015,10
Hong Kong SAR,2016,10.67477477
Hungary,1979,38.5
Hungary,1980,38.9
Hungary,1981,39.3
Hungary,1982,37.3
Hungary,1983,39.8
Hungary,1984,39.6
Hungary,1985,38.1
Hungary,1986,38.8
Hungary,1987,38.6
Hungary,1988,35.2
Hungary,1989,35.3
Hungary,1990,33.5
Hungary,1991,32.3
Hungary,1992,32.5
Hungary,1993,29.8
Hungary,1994,29.1
Hungary,1995,26.6
Hungary,1996,26.9
Hungary,1997,25
Hungary,1998,25.8
Hungary,1999,26.8
Hungary,2000,26.2
Hungary,2001,23.2
Hungary,2002,22.3
Hungary,2003,21.5
Hungary,2004,21.3
Hungary,2005,20.1
Hungary,2006,18.8
Hungary,2007,18.4
Hungary,2008,18.6
Hungary,2009,19
Hungary,2010,18.7
Hungary,2011,18.3
Hungary,2012,17.4
Hungary,2013,15.3
Hungary,2014,14.2
Hungary,2015,13.7
Hungary,2016,12.7
Iceland,1979,13.2514586
Iceland,1980,13.18015873
Iceland,1981,7
Iceland,1982,9.5
Iceland,1983,17.1
Iceland,1984,19.1
Iceland,1985,13.3
Iceland,1986,15.3
Iceland,1987,14.3
Iceland,1988,14.5
Iceland,1989,8.7
Iceland,1990,15.7
Iceland,1991,14.4
Iceland,1992,10.8
Iceland,1993,10.1
Iceland,1994,9.2
Iceland,1995,9.9
Iceland,1996,12.1
Iceland,1997,11.9
Iceland,1998,10.4
Iceland,1999,10.9
Iceland,2000,17.9
Iceland,2001,12
Iceland,2002,10.2
Iceland,2003,8.6
Iceland,2004,11.3
Iceland,2005,10.5
Iceland,2006,9.8
Iceland,2007,11.2
Iceland,2008,10.8
Iceland,2009,10.3
Iceland,2010,13.4
Iceland,2011,8.1
Iceland,2012,10.5
Iceland,2013,13.5
Iceland,2014,12.2
Iceland,2015,11.3
Iceland,2016,11.2
Ireland,1979,6
Ireland,1980,7
Ireland,1981,7.2
Ireland,1982,7.4
Ireland,1983,8.6
Ireland,1984,7
Ireland,1985,8.2
Ireland,1986,8.4
Ireland,1987,7.2
Ireland,1988,7.8
Ireland,1989,8.2
Ireland,1990,10
Ireland,1991,10.1
Ireland,1992,10.4
Ireland,1993,9.3
Ireland,1994,11
Ireland,1995,11.1
Ireland,1996,11.2
Ireland,1997,12.5
Ireland,1998,13.2
Ireland,1999,11
Ireland,2000,11.8
Ireland,2001,12.2
Ireland,2002,10.9
Ireland,2003,10.8
Ireland,2004,10.9
Ireland,2005,10.4
Ireland,2006,10.1
Ireland,2007,9.9
Ireland,2008,10.9
Ireland,2009,11.3
Ireland,2010,10
Ireland,2011,11.6
Ireland,2012,11.3
Ireland,2013,9.9
Ireland,2014,10.1
Ireland,2015,12.06619048
Ireland,2016,12.18553411
Israel,1979,7.4
Israel,1980,6.6
Israel,1981,5.8
Israel,1982,5.7
Israel,1983,6.5
Israel,1984,5.9
Israel,1985,5.9
Israel,1986,7
Israel,1987,6.7
Israel,1988,7.5
Israel,1989,8.2
Israel,1990,7
Israel,1991,7.7
Israel,1992,7.8
Israel,1993,7.3
Israel,1994,8
Israel,1995,6.6
Israel,1996,5.4
Israel,1997,6.5
Israel,1998,5.4
Israel,1999,6.1
Israel,2000,6.3
Israel,2001,6.2
Israel,2002,5.9
Israel,2003,6.4
Israel,2004,6.1
Israel,2005,6.1
Israel,2006,5.3
Israel,2007,4.6
Israel,2008,4.8
Israel,2009,5.4
Israel,2010,6.3
Israel,2011,5.2
Israel,2012,5.4
Israel,2013,4.6
Israel,2014,4.7
Israel,2015,4.1
Israel,2016,5.045495495
Italy,1979,6.1
Italy,1980,6.2
Italy,1981,5.8
Italy,1982,6.2
Italy,1983,6.3
Italy,1984,6.4
Italy,1985,6.7
Italy,1986,6.6
Italy,1987,6.3
Italy,1988,6
Italy,1989,6
Italy,1990,6
Italy,1991,6
Italy,1992,6.2
Italy,1993,6.4
Italy,1994,6.2
Italy,1995,6.2
Italy,1996,6.3
Italy,1997,6.3
Italy,1998,5.9
Italy,1999,5.4
Italy,2000,5.4
Italy,2001,5.3
Italy,2002,5.3
Italy,2003,5.2
Italy,2004,5.1
Italy,2005,4.8
Italy,2006,4.6
Italy,2007,4.6
Italy,2008,4.8
Italy,2009,4.8
Italy,2010,4.8
Italy,2011,5.1
Italy,2012,5.3
Italy,2013,5.2
Italy,2014,5
Italy,2015,4.7
Italy,2016,4.704954955
Jamaica,1979,0.009877818
Jamaica,1980,0
Jamaica,1981,0.2
Jamaica,1982,0.080594829
Jamaica,1983,0.4
Jamaica,1984,0.127739504
Jamaica,1985,0.4
Jamaica,1986,0.1
Jamaica,1987,0.6
Jamaica,1988,0.2
Jamaica,1989,0
Jamaica,1990,0.1
Jamaica,1991,0.1
Jamaica,1992,0.316318203
Jamaica,1993,0.33989054
Jamaica,1994,0.363462877
Jamaica,1995,0.387035214
Jamaica,1996,0.410607552
Jamaica,1997,0.434179889
Jamaica,1998,0.457752226
Jamaica,1999,0.481324564
Jamaica,2000,0.2
Jamaica,2001,0.2
Jamaica,2002,0.1
Jamaica,2003,0.1
Jamaica,2004,0.1
Jamaica,2005,2
Jamaica,2006,0
Jamaica,2007,0.669903262
Jamaica,2008,0.6934756
Jamaica,2009,1.3
Jamaica,2010,0.1
Jamaica,2011,1.8
Jamaica,2012,0.787764949
Jamaica,2013,0.811337286
Jamaica,2014,0.834909623
Jamaica,2015,0.858481961
Jamaica,2016,0.882054298
Japan,1979,17.1
Japan,1980,16.5
Japan,1981,15.8
Japan,1982,16
Japan,1983,19.1
Japan,1984,18.2
Japan,1985,17.1
Japan,1986,18.5
Japan,1987,16.8
Japan,1988,15.8
Japan,1989,14.3
Japan,1990,13.4
Japan,1991,13.1
Japan,1992,13.5
Japan,1993,13.1
Japan,1994,13.3
Japan,1995,13.4
Japan,1996,13.7
Japan,1997,14.4
Japan,1998,19.3
Japan,1999,19
Japan,2000,18.2
Japan,2001,17.6
Japan,2002,17.9
Japan,2003,19.5
Japan,2004,18.4
Japan,2005,18.8
Japan,2006,18.4
Japan,2007,18.8
Japan,2008,18.8
Japan,2009,19.1
Japan,2010,18.3
Japan,2011,18.2
Japan,2012,16.6
Japan,2013,16.3
Japan,2014,15.5
Japan,2015,14.5
Japan,2016,17.52837838
Kazakhstan,1979,25.45308316
Kazakhstan,1980,25.40574819
Kazakhstan,1981,25.9
Kazakhstan,1982,25.2
Kazakhstan,1983,25.26374326
Kazakhstan,1984,25.21640828
Kazakhstan,1985,25.3
Kazakhstan,1986,18.9
Kazakhstan,1987,18.4
Kazakhstan,1988,19.1
Kazakhstan,1989,21.8
Kazakhstan,1990,21
Kazakhstan,1991,19.8
Kazakhstan,1992,21.3
Kazakhstan,1993,25.3
Kazakhstan,1994,25.8
Kazakhstan,1995,30.7
Kazakhstan,1996,32
Kazakhstan,1997,31.3
Kazakhstan,1998,30.2
Kazakhstan,1999,27.9
Kazakhstan,2000,30.6
Kazakhstan,2001,30.1
Kazakhstan,2002,28.8
Kazakhstan,2003,29.1
Kazakhstan,2004,28.9
Kazakhstan,2005,25.3
Kazakhstan,2006,26
Kazakhstan,2007,26.1
Kazakhstan,2008,24.8
Kazakhstan,2009,23.5
Kazakhstan,2010,21.7
Kazakhstan,2011,20.2
Kazakhstan,2012,19
Kazakhstan,2013,20.5
Kazakhstan,2014,18
Kazakhstan,2015,16.4
Kazakhstan,2016,23.70168904
Kuwait,1979,0.3
Kuwait,1980,0.9
Kuwait,1981,1
Kuwait,1982,0.1
Kuwait,1983,0.4
Kuwait,1984,0.7
Kuwait,1985,1.1
Kuwait,1986,0.8
Kuwait,1987,1
Kuwait,1988,0.948567366
Kuwait,1989,0.969156594
Kuwait,1990,0.989745823
Kuwait,1991,1.010335052
Kuwait,1992,1.03092428
Kuwait,1993,1.2
Kuwait,1994,1.4
Kuwait,1995,1.4
Kuwait,1996,1.5
Kuwait,1997,1.6
Kuwait,1998,1.3
Kuwait,1999,1.5
Kuwait,2000,1.2
Kuwait,2001,1
Kuwait,2002,1.5
Kuwait,2003,1.6
Kuwait,2004,1.6
Kuwait,2005,1.8
Kuwait,2006,1.5
Kuwait,2007,1.1
Kuwait,2008,1
Kuwait,2009,1.3
Kuwait,2010,0.9
Kuwait,2011,0.9
Kuwait,2012,1.5
Kuwait,2013,0.9
Kuwait,2014,1.5
Kuwait,2015,1.504476538
Kuwait,2016,1.525065766
Kyrgyzstan,1979,17.918693
Kyrgyzstan,1980,17.65022217
Kyrgyzstan,1981,17.5
Kyrgyzstan,1982,17.1
Kyrgyzstan,1983,16.84480966
Kyrgyzstan,1984,16.57633882
Kyrgyzstan,1985,15.2
Kyrgyzstan,1986,11.7
Kyrgyzstan,1987,14.3
Kyrgyzstan,1988,14.3
Kyrgyzstan,1989,15.3
Kyrgyzstan,1990,16.1
Kyrgyzstan,1991,15.4
Kyrgyzstan,1992,13.8
Kyrgyzstan,1993,16.4
Kyrgyzstan,1994,16.7
Kyrgyzstan,1995,17.2
Kyrgyzstan,1996,13.6
Kyrgyzstan,1997,13.5
Kyrgyzstan,1998,12.9
Kyrgyzstan,1999,13.9
Kyrgyzstan,2000,12.6
Kyrgyzstan,2001,13
Kyrgyzstan,2002,13.3
Kyrgyzstan,2003,11
Kyrgyzstan,2004,9.8
Kyrgyzstan,2005,9.9
Kyrgyzstan,2006,9.4
Kyrgyzstan,2007,9.7
Kyrgyzstan,2008,9.6
Kyrgyzstan,2009,8.8
Kyrgyzstan,2010,9.7
Kyrgyzstan,2011,9.1
Kyrgyzstan,2012,10.1
Kyrgyzstan,2013,8.3
Kyrgyzstan,2014,8.4
Kyrgyzstan,2015,7.6
Kyrgyzstan,2016,7.985272032
Latvia,1979,32.02
Latvia,1980,29.7
Latvia,1981,30.2
Latvia,1982,30.8
Latvia,1983,29.8
Latvia,1984,30.2
Latvia,1985,26.3
Latvia,1986,22.5
Latvia,1987,20.6
Latvia,1988,20.6
Latvia,1989,22.7
Latvia,1990,23.4
Latvia,1991,25.4
Latvia,1992,31.3
Latvia,1993,37.9
Latvia,1994,36.3
Latvia,1995,36.2
Latvia,1996,32.7
Latvia,1997,31.5
Latvia,1998,30.4
Latvia,1999,26.9
Latvia,2000,27.7
Latvia,2001,25.8
Latvia,2002,24.9
Latvia,2003,22.3
Latvia,2004,20.5
Latvia,2005,21
Latvia,2006,18
Latvia,2007,16.8
Latvia,2008,19.8
Latvia,2009,19.8
Latvia,2010,17.2
Latvia,2011,17.1
Latvia,2012,17.8
Latvia,2013,15.4
Latvia,2014,16
Latvia,2015,15.5
Latvia,2016,17.48
Lithuania,1979,35.07289619
Lithuania,1980,34.95532264
Lithuania,1981,32.5
Lithuania,1982,32.5
Lithuania,1983,34.60260199
Lithuania,1984,34.48502844
Lithuania,1985,32.6
Lithuania,1986,24
Lithuania,1987,27.3
Lithuania,1988,25
Lithuania,1989,25.6
Lithuania,1990,24.3
Lithuania,1991,29
Lithuania,1992,32.6
Lithuania,1993,39.6
Lithuania,1994,43.6
Lithuania,1995,43.2
Lithuania,1996,44.3
Lithuania,1997,42.5
Lithuania,1998,40
Lithuania,1999,40.5
Lithuania,2000,42.4
Lithuania,2001,39.5
Lithuania,2002,40.5
Lithuania,2003,37.8
Lithuania,2004,36.1
Lithuania,2005,34.3
Lithuania,2006,27
Lithuania,2007,27.4
Lithuania,2008,30.1
Lithuania,2009,30.4
Lithuania,2010,27.6
Lithuania,2011,28
Lithuania,2012,25.7
Lithuania,2013,30.9
Lithuania,2014,26.1
Lithuania,2015,25.2
Lithuania,2016,22.9
Luxembourg,1979,17.7
Luxembourg,1980,11.5
Luxembourg,1981,15.2
Luxembourg,1982,19
Luxembourg,1983,18.7
Luxembourg,1984,16.7
Luxembourg,1985,12.7
Luxembourg,1986,11.5
Luxembourg,1987,17.1
Luxembourg,1988,15.8
Luxembourg,1989,16.9
Luxembourg,1990,15.2
Luxembourg,1991,16.3
Luxembourg,1992,12.2
Luxembourg,1993,14.3
Luxembourg,1994,15.8
Luxembourg,1995,13.2
Luxembourg,1996,14.5
Luxembourg,1997,16.5
Luxembourg,1998,12.8
Luxembourg,1999,13.9
Luxembourg,2000,11.7
Luxembourg,2001,13.6
Luxembourg,2002,15.5
Luxembourg,2003,9.5
Luxembourg,2004,11.2
Luxembourg,2005,8.8
Luxembourg,2006,11.1
Luxembourg,2007,13.6
Luxembourg,2008,6.8
Luxembourg,2009,7.8
Luxembourg,2010,8.6
Luxembourg,2011,8.4
Luxembourg,2012,7.8
Luxembourg,2013,5.5
Luxembourg,2014,9.8
Luxembourg,2015,9
Luxembourg,2016,8.012162162
Maldives,1979,2.295810706
Maldives,1980,2.23390225
Maldives,1981,2.171993794
Maldives,1982,2.110085337
Maldives,1983,2.048176881
Maldives,1984,1.986268425
Maldives,1985,1.924359969
Maldives,1986,1.862451513
Maldives,1987,1.800543057
Maldives,1988,1.7386346
Maldives,1989,1.676726144
Maldives,1990,1.614817688
Maldives,1991,1.552909232
Maldives,1992,1.491000776
Maldives,1993,1.42909232
Maldives,1994,1.367183863
Maldives,1995,1.305275407
Maldives,1996,1.243366951
Maldives,1997,1.181458495
Maldives,1998,1.119550039
Maldives,1999,1.057641583
Maldives,2000,0
Maldives,2001,1.7
Maldives,2002,0.9
Maldives,2003,1.8
Maldives,2004,0.4
Maldives,2005,0.2
Maldives,2006,0.624282389
Maldives,2007,1.1
Maldives,2008,0
Maldives,2009,0.438557021
Maldives,2010,0.2
Maldives,2011,0.5
Maldives,2012,0.252831652
Maldives,2013,0.190923196
Maldives,2014,0.12901474
Maldives,2015,0.067106284
Maldives,2016,0.005197828
Malta,1979,0
Malta,1980,0
Malta,1981,0
Malta,1982,0.3
Malta,1983,0.3
Malta,1984,0
Malta,1985,0.6
Malta,1986,0.3
Malta,1987,0.3
Malta,1988,2.5
Malta,1989,6.3
Malta,1990,2.4
Malta,1991,2.9
Malta,1992,4.6
Malta,1993,4.1
Malta,1994,3.9
Malta,1995,4.4
Malta,1996,2.8
Malta,1997,4
Malta,1998,2.9
Malta,1999,6.6
Malta,2000,5.2
Malta,2001,6.8
Malta,2002,4.1
Malta,2003,4.5
Malta,2004,4.8
Malta,2005,3.7
Malta,2006,5.6
Malta,2007,5.6
Malta,2008,2.8
Malta,2009,8
Malta,2010,6.9
Malta,2011,4.4
Malta,2012,4.9
Malta,2013,4.6
Malta,2014,6.6
Malta,2015,7.2
Malta,2016,7.028828829
Martinique,1979,9.220205623
Martinique,1980,9.153010911
Martinique,1981,12.8
Martinique,1982,8.9
Martinique,1983,8.951426773
Martinique,1984,8.88423206
Martinique,1985,4.6
Martinique,1986,8.749842635
Martinique,1987,8.682647923
Martinique,1988,8.61545321
Martinique,1989,8.548258498
Martinique,1990,8.481063785
Martinique,1991,8.413869073
Martinique,1992,8.34667436
Martinique,1993,8.279479648
Martinique,1994,8.212284935
Martinique,1995,8.145090222
Martinique,1996,8.07789551
Martinique,1997,8.010700797
Martinique,1998,7.943506085
Martinique,1999,7.876311372
Martinique,2000,7.8
Martinique,2001,9
Martinique,2002,7
Martinique,2003,7.2
Martinique,2004,6.7
Martinique,2005,6
Martinique,2006,7.4
Martinique,2007,6.8
Martinique,2008,12.2
Martinique,2009,6.7
Martinique,2010,6.2
Martinique,2011,8
Martinique,2012,7.002780109
Martinique,2013,6.2
Martinique,2014,6.5
Martinique,2015,6.801195971
Martinique,2016,6.734001259
Mauritius,1979,10.52107679
Mauritius,1980,10.49079365
Mauritius,1981,1.9
Mauritius,1982,1.8
Mauritius,1983,1.8
Mauritius,1984,12.3
Mauritius,1985,11.2
Mauritius,1986,2.6
Mauritius,1987,14.2
Mauritius,1988,17
Mauritius,1989,14.7
Mauritius,1990,14.4
Mauritius,1991,13.3
Mauritius,1992,14.2
Mauritius,1993,12.9
Mauritius,1994,11.6
Mauritius,1995,13.9
Mauritius,1996,13.8
Mauritius,1997,10.8
Mauritius,1998,13.3
Mauritius,1999,14.3
Mauritius,2000,11.5
Mauritius,2001,9.5
Mauritius,2002,10.8
Mauritius,2003,7.4
Mauritius,2004,7.8
Mauritius,2005,8.1
Mauritius,2006,9.5
Mauritius,2007,9.9
Mauritius,2008,6.6
Mauritius,2009,8.7
Mauritius,2010,7.4
Mauritius,2011,8.9
Mauritius,2012,8.7
Mauritius,2013,7.7
Mauritius,2014,9.4
Mauritius,2015,8.1
Mauritius,2016,7.5
Mexico,1979,2
Mexico,1980,1.8
Mexico,1981,2.2
Mexico,1982,2.1
Mexico,1983,1.9
Mexico,1984,1.5
Mexico,1985,2.5
Mexico,1986,2.7
Mexico,1987,2.7
Mexico,1988,2.6
Mexico,1989,2.9
Mexico,1990,2.8
Mexico,1991,3
Mexico,1992,3.1
Mexico,1993,3.2
Mexico,1994,3.4
Mexico,1995,3.6
Mexico,1996,3.6
Mexico,1997,3.8
Mexico,1998,3.7
Mexico,1999,3.6
Mexico,2000,3.7
Mexico,2001,4
Mexico,2002,4
Mexico,2003,4.2
Mexico,2004,4.1
Mexico,2005,4.2
Mexico,2006,4.1
Mexico,2007,4
Mexico,2008,4.3
Mexico,2009,4.5
Mexico,2010,4.3
Mexico,2011,4.8
Mexico,2012,4.5
Mexico,2013,4.7
Mexico,2014,5
Mexico,2015,4.9
Mexico,2016,5.095045045
Netherlands,1979,9.8
Netherlands,1980,9.4
Netherlands,1981,9.2
Netherlands,1982,9.8
Netherlands,1983,10.8
Netherlands,1984,11.1
Netherlands,1985,10.1
Netherlands,1986,9.7
Netherlands,1987,9.7
Netherlands,1988,9
Netherlands,1989,9
Netherlands,1990,8.4
Netherlands,1991,9.2
Netherlands,1992,9
Netherlands,1993,8.8
Netherlands,1994,8.9
Netherlands,1995,8.4
Netherlands,1996,8.7
Netherlands,1997,8.7
Netherlands,1998,8.3
Netherlands,1999,8.3
Netherlands,2000,8
Netherlands,2001,7.8
Netherlands,2002,8.2
Netherlands,2003,7.8
Netherlands,2004,7.8
Netherlands,2005,8.2
Netherlands,2006,7.9
Netherlands,2007,6.9
Netherlands,2008,7.3
Netherlands,2009,7.6
Netherlands,2010,8
Netherlands,2011,8.3
Netherlands,2012,8.7
Netherlands,2013,9
Netherlands,2014,8.9
Netherlands,2015,8.9
Netherlands,2016,8.9
New Zealand,1979,10
New Zealand,1980,10.8
New Zealand,1981,10.2
New Zealand,1982,11.3
New Zealand,1983,10.7
New Zealand,1984,11.7
New Zealand,1985,10
New Zealand,1986,12.3
New Zealand,1987,13.6
New Zealand,1988,14
New Zealand,1989,13.5
New Zealand,1990,13.1
New Zealand,1991,13.2
New Zealand,1992,13.6
New Zealand,1993,12
New Zealand,1994,13.7
New Zealand,1995,14.5
New Zealand,1996,14.2
New Zealand,1997,14.8
New Zealand,1998,15
New Zealand,1999,13.3
New Zealand,2000,11.8
New Zealand,2001,12.9
New Zealand,2002,11.7
New Zealand,2003,12.4
New Zealand,2004,11.8
New Zealand,2005,12.2
New Zealand,2006,12.3
New Zealand,2007,11.2
New Zealand,2008,11.8
New Zealand,2009,11.4
New Zealand,2010,11.8
New Zealand,2011,10.9
New Zealand,2012,12.1
New Zealand,2013,11
New Zealand,2014,12.46285714
New Zealand,2015,12.47142857
New Zealand,2016,12.48
Norway,1979,15.10186133
Norway,1980,14.93231739
Norway,1981,14.76277345
Norway,1982,14.59322951
Norway,1983,14.42368558
Norway,1984,14.25414164
Norway,1985,14.0845977
Norway,1986,13
Norway,1987,14.3
Norway,1988,15.6
Norway,1989,14.2
Norway,1990,14
Norway,1991,14.4
Norway,1992,13
Norway,1993,12.3
Norway,1994,11.4
Norway,1995,11.6
Norway,1996,10.8
Norway,1997,10.9
Norway,1998,11.6
Norway,1999,12.4
Norway,2000,11.4
Norway,2001,11.3
Norway,2002,10
Norway,2003,10.4
Norway,2004,10.7
Norway,2005,10.8
Norway,2006,10.6
Norway,2007,9.4
Norway,2008,9.7
Norway,2009,10.7
Norway,2010,10.1
Norway,2011,11
Norway,2012,9.2
Norway,2013,9.7
Norway,2014,9.4
Norway,2015,9.8
Norway,2016,8.828735632
Panama,1979,2.2
Panama,1980,2.5
Panama,1981,2.3
Panama,1982,2.3
Panama,1983,2.3
Panama,1984,1.6
Panama,1985,3.1
Panama,1986,4.4
Panama,1987,4.5
Panama,1988,4.2
Panama,1989,3.4
Panama,1990,3.775510659
Panama,1991,3.837638403
Panama,1992,3.899766147
Panama,1993,3.961893891
Panama,1994,4.024021635
Panama,1995,4.08614938
Panama,1996,4.5
Panama,1997,5.6
Panama,1998,5.6
Panama,1999,5.3
Panama,2000,5.2
Panama,2001,5.7
Panama,2002,5.7
Panama,2003,6.5
Panama,2004,6
Panama,2005,5.5
Panama,2006,5.8
Panama,2007,5.2
Panama,2008,5.5
Panama,2009,5.2
Panama,2010,4.3
Panama,2011,4
Panama,2012,3.7
Panama,2013,3.5
Panama,2014,3.8
Panama,2015,2.8
Panama,2016,5.390832008
Paraguay,1979,1.7
Paraguay,1980,2.1
Paraguay,1981,1.6
Paraguay,1982,2.1
Paraguay,1983,2.3
Paraguay,1984,2
Paraguay,1985,2.2
Paraguay,1986,1.8
Paraguay,1987,2
Paraguay,1988,2.331710531
Paraguay,1989,2
Paraguay,1990,2.7
Paraguay,1991,2.1
Paraguay,1992,2.727044571
Paraguay,1993,2.825878081
Paraguay,1994,3
Paraguay,1995,2.9
Paraguay,1996,2.4
Paraguay,1997,2.8
Paraguay,1998,3.2
Paraguay,1999,3.6
Paraguay,2000,3.4
Paraguay,2001,3.2
Paraguay,2002,3.5
Paraguay,2003,3.4
Paraguay,2004,4.4
Paraguay,2005,4.4
Paraguay,2006,4.6
Paraguay,2007,4.1
Paraguay,2008,4
Paraguay,2009,4.9
Paraguay,2010,3.8
Paraguay,2011,4.8
Paraguay,2012,4.4
Paraguay,2013,5.1
Paraguay,2014,5.8
Paraguay,2015,5.000215303
Paraguay,2016,5.099048813
Philippines,1979,-0.038264768
Philippines,1980,0.045991561
Philippines,1981,0.13024789
Philippines,1982,0.214504219
Philippines,1983,0.298760549
Philippines,1984,0.383016878
Philippines,1985,0.467273207
Philippines,1986,0.551529536
Philippines,1987,0.635785865
Philippines,1988,0.720042194
Philippines,1989,0.804298523
Philippines,1990,0.888554852
Philippines,1991,0.972811181
Philippines,1992,0.7
Philippines,1993,1.5
Philippines,1994,1.225580169
Philippines,1995,1.309836498
Philippines,1996,1.394092827
Philippines,1997,1.3
Philippines,1998,1.4
Philippines,1999,1.6
Philippines,2000,2.2
Philippines,2001,1.8
Philippines,2002,1.9
Philippines,2003,2.2
Philippines,2004,2.06814346
Philippines,2005,2.152399789
Philippines,2006,2.3
Philippines,2007,2.1
Philippines,2008,2.2
Philippines,2009,2.5
Philippines,2010,2.5
Philippines,2011,2.8
Philippines,2012,2.742194093
Philippines,2013,2.826450422
Philippines,2014,2.910706751
Philippines,2015,2.99496308
Philippines,2016,3.079219409
Poland,1979,12.88202467
Poland,1980,12.89720482
Poland,1981,12.91238497
Poland,1982,12.92756513
Poland,1983,12.1
Poland,1984,13.7
Poland,1985,13
Poland,1986,12.8
Poland,1987,13
Poland,1988,11.9
Poland,1989,11
Poland,1990,12.7
Poland,1991,13.4
Poland,1992,14.3
Poland,1993,14
Poland,1994,13.6
Poland,1995,13.4
Poland,1996,13.1
Poland,1997,13.15526742
Poland,1998,13.17044757
Poland,1999,13.6
Poland,2000,13.8
Poland,2001,13.7
Poland,2002,13.7
Poland,2003,13.4
Poland,2004,13.8
Poland,2005,13.6
Poland,2006,13
Poland,2007,11.8
Poland,2008,12.6
Poland,2009,14.3
Poland,2010,13.9
Poland,2011,13.4
Poland,2012,13.8
Poland,2013,13.5
Poland,2014,13
Poland,2015,11.9
Poland,2016,13.44369033
Portugal,1979,7.607876712
Portugal,1980,7.1
Portugal,1981,7.3
Portugal,1982,7.8
Portugal,1983,9.1
Portugal,1984,9.6
Portugal,1985,8.8
Portugal,1986,8.3
Portugal,1987,8.4
Portugal,1988,7
Portugal,1989,6.2
Portugal,1990,7.4
Portugal,1991,7.9
Portugal,1992,7.1
Portugal,1993,6.3
Portugal,1994,6.2
Portugal,1995,6.4
Portugal,1996,4.9
Portugal,1997,4.8
Portugal,1998,4.1
Portugal,1999,3.9
Portugal,2000,3.7
Portugal,2001,5.5
Portugal,2002,8.8
Portugal,2003,8.2
Portugal,2004,6.554794521
Portugal,2005,6.512671233
Portugal,2006,6.470547945
Portugal,2007,6.7
Portugal,2008,6.8
Portugal,2009,6.8
Portugal,2010,7.1
Portugal,2011,6.6
Portugal,2012,6.8
Portugal,2013,6.7
Portugal,2014,7.9
Portugal,2015,6.091438356
Portugal,2016,6.049315068
Puerto Rico,1979,10.2
Puerto Rico,1980,10.2
Puerto Rico,1981,10.4
Puerto Rico,1982,10.4
Puerto Rico,1983,11
Puerto Rico,1984,10
Puerto Rico,1985,8.7
Puerto Rico,1986,9.7
Puerto Rico,1987,8.2
Puerto Rico,1988,9.4
Puerto Rico,1989,9.8
Puerto Rico,1990,11
Puerto Rico,1991,10.3
Puerto Rico,1992,8.8
Puerto Rico,1993,9.5
Puerto Rico,1994,9.6
Puerto Rico,1995,7.7
Puerto Rico,1996,8.6
Puerto Rico,1997,7.1
Puerto Rico,1998,8.1
Puerto Rico,1999,7.2
Puerto Rico,2000,7.7
Puerto Rico,2001,7.2
Puerto Rico,2002,5.9
Puerto Rico,2003,6.5
Puerto Rico,2004,6.9
Puerto Rico,2005,7.1
Puerto Rico,2006,6.6
Puerto Rico,2007,6.8
Puerto Rico,2008,7.3
Puerto Rico,2009,8
Puerto Rico,2010,6.9
Puerto Rico,2011,6.3
Puerto Rico,2012,6
Puerto Rico,2013,5.7
Puerto Rico,2014,5.1
Puerto Rico,2015,5.2
Puerto Rico,2016,5.426126126
Republic of Korea,1979,2.054193548
Republic of Korea,1980,2.709677419
Republic of Korea,1981,3.36516129
Republic of Korea,1982,4.020645161
Republic of Korea,1983,4.676129032
Republic of Korea,1984,5.331612903
Republic of Korea,1985,9.9
Republic of Korea,1986,9
Republic of Korea,1987,8.5
Republic of Korea,1988,7.3
Republic of Korea,1989,7.4
Republic of Korea,1990,7.6
Republic of Korea,1991,7.2
Republic of Korea,1992,8.2
Republic of Korea,1993,9.5
Republic of Korea,1994,9.6
Republic of Korea,1995,10.7
Republic of Korea,1996,12.7
Republic of Korea,1997,12.8
Republic of Korea,1998,17.9
Republic of Korea,1999,14.6
Republic of Korea,2000,13.1
Republic of Korea,2001,13.9
Republic of Korea,2002,17.1
Republic of Korea,2003,21.1
Republic of Korea,2004,21.8
Republic of Korea,2005,22.3
Republic of Korea,2006,19.3
Republic of Korea,2007,21.8
Republic of Korea,2008,22.4
Republic of Korea,2009,26.3
Republic of Korea,2010,25.9
Republic of Korea,2011,25.9
Republic of Korea,2012,22.6
Republic of Korea,2013,22.5
Republic of Korea,2014,21.3
Republic of Korea,2015,20.2
Republic of Korea,2016,26.30709677
Republic of Moldova,1979,19.70928517
Republic of Moldova,1980,19.53408214
Republic of Moldova,1981,20.2
Republic of Moldova,1982,20.9
Republic of Moldova,1983,19.00847307
Republic of Moldova,1984,18.83327005
Republic of Moldova,1985,20.8
Republic of Moldova,1986,18.8
Republic of Moldova,1987,17.1
Republic of Moldova,1988,17
Republic of Moldova,1989,17.4
Republic of Moldova,1990,15.1
Republic of Moldova,1991,16.9
Republic of Moldova,1992,16
Republic of Moldova,1993,16.7
Republic of Moldova,1994,18.2
Republic of Moldova,1995,18.4
Republic of Moldova,1996,17.6
Republic of Moldova,1997,17.1
Republic of Moldova,1998,15.6
Republic of Moldova,1999,15.5
Republic of Moldova,2000,14.2
Republic of Moldova,2001,16.2
Republic of Moldova,2002,15.1
Republic of Moldova,2003,15.9
Republic of Moldova,2004,15.2
Republic of Moldova,2005,15.5
Republic of Moldova,2006,15.9
Republic of Moldova,2007,13.9
Republic of Moldova,2008,15.3
Republic of Moldova,2009,15.9
Republic of Moldova,2010,16.3
Republic of Moldova,2011,12.3
Republic of Moldova,2012,13.9
Republic of Moldova,2013,13.7
Republic of Moldova,2014,13.8
Republic of Moldova,2015,13.3
Republic of Moldova,2016,13
Reunion,1979,18.90175824
Reunion,1980,18.63076923
Reunion,1981,18.35978022
Reunion,1982,18.08879121
Reunion,1983,17.8178022
Reunion,1984,17.54681319
Reunion,1985,17.27582418
Reunion,1986,17.00483516
Reunion,1987,16.73384615
Reunion,1988,16.46285714
Reunion,1989,16.19186813
Reunion,1990,15.92087912
Reunion,1991,15.64989011
Reunion,1992,15.3789011
Reunion,1993,15.10791209
Reunion,1994,14.83692308
Reunion,1995,14.56593407
Reunion,1996,14.29494505
Reunion,1997,14.02395604
Reunion,1998,13.75296703
Reunion,1999,13.48197802
Reunion,2000,13.21098901
Reunion,2001,13.1
Reunion,2002,12.7
Reunion,2003,13.8
Reunion,2004,10.4
Reunion,2005,11.3
Reunion,2006,11.6
Reunion,2007,11.3
Reunion,2008,11.5
Reunion,2009,11.8
Reunion,2010,10.6
Reunion,2011,8.9
Reunion,2012,9.6
Reunion,2013,10.5
Reunion,2014,9.4
Reunion,2015,9.146153846
Reunion,2016,8.875164835
Romania,1979,11.6740832
Romania,1980,11.61576355
Romania,1981,11.5574439
Romania,1982,11.49912425
Romania,1983,11.4408046
Romania,1984,11.38248495
Romania,1985,11.3241653
Romania,1986,11.26584565
Romania,1987,11.207526
Romania,1988,11.14920635
Romania,1989,10.4
Romania,1990,8.4
Romania,1991,8.7
Romania,1992,10.7
Romania,1993,11.3
Romania,1994,11.7
Romania,1995,11.3
Romania,1996,11.4
Romania,1997,11.6
Romania,1998,11.3
Romania,1999,10.8
Romania,2000,11.1
Romania,2001,10.7
Romania,2002,12.2
Romania,2003,11.4
Romania,2004,10.6
Romania,2005,10.1
Romania,2006,10.5
Romania,2007,9.3
Romania,2008,9.4
Romania,2009,10
Romania,2010,10.6
Romania,2011,9.7
Romania,2012,10.2
Romania,2013,9.7
Romania,2014,8.8
Romania,2015,8.9
Romania,2016,7.7
Russian Federation,1979,33.42948347
Russian Federation,1980,32.6
Russian Federation,1981,31.9
Russian Federation,1982,32.3
Russian Federation,1983,32.21424793
Russian Federation,1984,31.91043904
Russian Federation,1985,29
Russian Federation,1986,21.4
Russian Federation,1987,21.5
Russian Federation,1988,22.5
Russian Federation,1989,23.9
Russian Federation,1990,24.6
Russian Federation,1991,24.6
Russian Federation,1992,28.6
Russian Federation,1993,35.2
Russian Federation,1994,38.7
Russian Federation,1995,38.1
Russian Federation,1996,36.1
Russian Federation,1997,34.1
Russian Federation,1998,31.9
Russian Federation,1999,35.1
Russian Federation,2000,35
Russian Federation,2001,35.3
Russian Federation,2002,33.9
Russian Federation,2003,31.3
Russian Federation,2004,29.7
Russian Federation,2005,27.7
Russian Federation,2006,25.8
Russian Federation,2007,25
Russian Federation,2008,23.2
Russian Federation,2009,22.8
Russian Federation,2010,20.2
Russian Federation,2011,18.8
Russian Federation,2012,17.9
Russian Federation,2013,17.3
Russian Federation,2014,15.9
Russian Federation,2015,15.1
Russian Federation,2016,22.18855469
Saint Lucia,1979,1.4
Saint Lucia,1980,4.2
Saint Lucia,1981,1.4
Saint Lucia,1982,6.391811472
Saint Lucia,1983,11.9
Saint Lucia,1984,6.325803475
Saint Lucia,1985,6.292799477
Saint Lucia,1986,6.3
Saint Lucia,1987,10.2
Saint Lucia,1988,10.1
Saint Lucia,1989,7.4
Saint Lucia,1990,2.2
Saint Lucia,1991,5.2
Saint Lucia,1992,10.1
Saint Lucia,1993,7.6
Saint Lucia,1994,4.7
Saint Lucia,1995,7.6
Saint Lucia,1996,5.4
Saint Lucia,1997,7
Saint Lucia,1998,6
Saint Lucia,1999,5.6
Saint Lucia,2000,10.5
Saint Lucia,2001,4.8
Saint Lucia,2002,8.2
Saint Lucia,2003,6.3
Saint Lucia,2004,5.5
Saint Lucia,2005,2.3
Saint Lucia,2006,1.4
Saint Lucia,2007,5.566711518
Saint Lucia,2008,0
Saint Lucia,2009,7.5
Saint Lucia,2010,2.3
Saint Lucia,2011,4.6
Saint Lucia,2012,5.3
Saint Lucia,2013,7.6
Saint Lucia,2014,7.7
Saint Lucia,2015,5.302679533
Saint Lucia,2016,5.269675534
Saint Vincent and Grenadines,1979,2.482029334
Saint Vincent and Grenadines,1980,2.576102518
Saint Vincent and Grenadines,1981,2.670175702
Saint Vincent and Grenadines,1982,0
Saint Vincent and Grenadines,1983,0
Saint Vincent and Grenadines,1984,0
Saint Vincent and Grenadines,1985,2.9
Saint Vincent and Grenadines,1986,0
Saint Vincent and Grenadines,1987,0
Saint Vincent and Grenadines,1988,3.328687991
Saint Vincent and Grenadines,1989,3.422761175
Saint Vincent and Grenadines,1990,6.4
Saint Vincent and Grenadines,1991,3.610907544
Saint Vincent and Grenadines,1992,3.704980728
Saint Vincent and Grenadines,1993,3.799053912
Saint Vincent and Grenadines,1994,3.893127096
Saint Vincent and Grenadines,1995,8.3
Saint Vincent and Grenadines,1996,7.3
Saint Vincent and Grenadines,1997,2.9
Saint Vincent and Grenadines,1998,11.7
Saint Vincent and Grenadines,1999,7.2
Saint Vincent and Grenadines,2000,5.3
Saint Vincent and Grenadines,2001,8.1
Saint Vincent and Grenadines,2002,6.7
Saint Vincent and Grenadines,2003,4.2
Saint Vincent and Grenadines,2004,4.3
Saint Vincent and Grenadines,2005,7.3
Saint Vincent and Grenadines,2006,5.5
Saint Vincent and Grenadines,2007,9.7
Saint Vincent and Grenadines,2008,4
Saint Vincent and Grenadines,2009,0.9
Saint Vincent and Grenadines,2010,4.4
Saint Vincent and Grenadines,2011,4.4
Saint Vincent and Grenadines,2012,9
Saint Vincent and Grenadines,2013,0
Saint Vincent and Grenadines,2014,1.8
Saint Vincent and Grenadines,2015,2.7
Saint Vincent and Grenadines,2016,5.962737148
Serbia,1979,21.34812521
Serbia,1980,21.04657723
Serbia,1981,20.74502924
Serbia,1982,20.44348125
Serbia,1983,20.14193326
Serbia,1984,19.84038528
Serbia,1985,19.53883729
Serbia,1986,19.2372893
Serbia,1987,18.93574131
Serbia,1988,18.63419333
Serbia,1989,18.33264534
Serbia,1990,18.03109735
Serbia,1991,17.72954936
Serbia,1992,17.42800138
Serbia,1993,17.12645339
Serbia,1994,16.8249054
Serbia,1995,16.52335741
Serbia,1996,16.22180943
Serbia,1997,15.92026144
Serbia,1998,15.1
Serbia,1999,16
Serbia,2000,15.5
Serbia,2001,14.5
Serbia,2002,14.2
Serbia,2003,13.7
Serbia,2004,13
Serbia,2005,13.7
Serbia,2006,13.8
Serbia,2007,13
Serbia,2008,12.6
Serbia,2009,13.2
Serbia,2010,11.1
Serbia,2011,11.7
Serbia,2012,11.7
Serbia,2013,11.4
Serbia,2014,10.6
Serbia,2015,10.2
Serbia,2016,10.19084967
Singapore,1979,14
Singapore,1980,13.1
Singapore,1981,9
Singapore,1982,11.5
Singapore,1983,12.5
Singapore,1984,9.5
Singapore,1985,14.4
Singapore,1986,14.3
Singapore,1987,12.8
Singapore,1988,15.4
Singapore,1989,15.9
Singapore,1990,13.4
Singapore,1991,10.9
Singapore,1992,9.7
Singapore,1993,9.7
Singapore,1994,11
Singapore,1995,12.3
Singapore,1996,8.1
Singapore,1997,9.5
Singapore,1998,10.5
Singapore,1999,8.3
Singapore,2000,9
Singapore,2001,8.9
Singapore,2002,8.9
Singapore,2003,8.8
Singapore,2004,8.7
Singapore,2005,9.1
Singapore,2006,8.9
Singapore,2007,8.2
Singapore,2008,7.5
Singapore,2009,8.1
Singapore,2010,6.6
Singapore,2011,6.7
Singapore,2012,8.4
Singapore,2013,7.7
Singapore,2014,7.3
Singapore,2015,7.1
Singapore,2016,6.628828829
Slovakia,1979,16.99542132
Slovakia,1980,16.69907657
Slovakia,1981,16.40273182
Slovakia,1982,16.10638707
Slovakia,1983,15.81004232
Slovakia,1984,15.51369758
Slovakia,1985,15.21735283
Slovakia,1986,14.92100808
Slovakia,1987,14.62466333
Slovakia,1988,14.32831858
Slovakia,1989,14.03197384
Slovakia,1990,13.73562909
Slovakia,1991,13.43928434
Slovakia,1992,14.1
Slovakia,1993,13.1
Slovakia,1994,12.3
Slovakia,1995,12.9
Slovakia,1996,11.6
Slovakia,1997,10.7
Slovakia,1998,11.3
Slovakia,1999,11.5
Slovakia,2000,12
Slovakia,2001,11.4
Slovakia,2002,11.6
Slovakia,2003,12.1
Slovakia,2004,10.8
Slovakia,2005,10.7
Slovakia,2006,0
Slovakia,2007,0
Slovakia,2008,9.1
Slovakia,2009,9
Slovakia,2010,9.6
Slovakia,2011,7.512389381
Slovakia,2012,8.7
Slovakia,2013,9.2
Slovakia,2014,8.1
Slovakia,2015,6.327010389
Slovakia,2016,6.030665641
Slovenia,1979,33.91943548
Slovenia,1980,33.36290323
Slovenia,1981,32.80637097
Slovenia,1982,32.24983871
Slovenia,1983,31.69330645
Slovenia,1984,31.13677419
Slovenia,1985,30
Slovenia,1986,27.2
Slovenia,1987,27.9
Slovenia,1988,28.5
Slovenia,1989,30.5
Slovenia,1990,24.4
Slovenia,1991,28.4
Slovenia,1992,25.6
Slovenia,1993,27
Slovenia,1994,26.9
Slovenia,1995,24.3
Slovenia,1996,25.6
Slovenia,1997,25.3
Slovenia,1998,26.2
Slovenia,1999,24.6
Slovenia,2000,23.9
Slovenia,2001,23.4
Slovenia,2002,21.3
Slovenia,2003,22
Slovenia,2004,20.1
Slovenia,2005,19.4
Slovenia,2006,19.8
Slovenia,2007,16
Slovenia,2008,15.2
Slovenia,2009,16.2
Slovenia,2010,15.1
Slovenia,2011,15.1
Slovenia,2012,15.5
Slovenia,2013,15.8
Slovenia,2014,13.7
Slovenia,2015,14.3
Slovenia,2016,13.32774194
Spain,1979,5.681111111
Spain,1980,4.1
Spain,1981,4.2
Spain,1982,4.4
Spain,1983,5.1
Spain,1984,5.8
Spain,1985,5.7
Spain,1986,6.2
Spain,1987,6.2
Spain,1988,6.5
Spain,1989,6.5
Spain,1990,6.2
Spain,1991,6.1
Spain,1992,5.8
Spain,1993,6.4
Spain,1994,6.6
Spain,1995,6.4
Spain,1996,6.8
Spain,1997,6.8
Spain,1998,6.5
Spain,1999,6.2
Spain,2000,6.5
Spain,2001,6
Spain,2002,6.2
Spain,2003,6.3
Spain,2004,6.2
Spain,2005,5.9
Spain,2006,5.5
Spain,2007,5.4
Spain,2008,5.7
Spain,2009,5.6
Spain,2010,5
Spain,2011,5
Spain,2012,5.6
Spain,2013,6.1
Spain,2014,6.2
Spain,2015,5.6
Spain,2016,6.057777778
Sri Lanka,1979,38.02035086
Sri Lanka,1980,32.4
Sri Lanka,1981,32.3
Sri Lanka,1982,35
Sri Lanka,1983,38.3
Sri Lanka,1984,39
Sri Lanka,1985,38.1
Sri Lanka,1986,35.9
Sri Lanka,1987,33.8367668
Sri Lanka,1988,33.31381879
Sri Lanka,1989,32.79087078
Sri Lanka,1990,32.26792277
Sri Lanka,1991,31.74497476
Sri Lanka,1992,31.22202676
Sri Lanka,1993,30.69907875
Sri Lanka,1994,30.17613074
Sri Lanka,1995,29.65318273
Sri Lanka,1996,27.8
Sri Lanka,1997,32.8
Sri Lanka,1998,30.7
Sri Lanka,1999,30.8
Sri Lanka,2000,28.7
Sri Lanka,2001,24.7
Sri Lanka,2002,23.3
Sri Lanka,2003,23.5
Sri Lanka,2004,24.94665066
Sri Lanka,2005,24.42370265
Sri Lanka,2006,20.5
Sri Lanka,2007,23.37780663
Sri Lanka,2008,22.85485863
Sri Lanka,2009,22.33191062
Sri Lanka,2010,21.80896261
Sri Lanka,2011,21.2860146
Sri Lanka,2012,20.76306659
Sri Lanka,2013,20.24011859
Sri Lanka,2014,19.71717058
Sri Lanka,2015,19.19422257
Sri Lanka,2016,18.67127456
Suriname,1979,16.2
Suriname,1980,19.5
Suriname,1981,17.5
Suriname,1982,26.5
Suriname,1983,16.61476898
Suriname,1984,42.4
Suriname,1985,32
Suriname,1986,11.7
Suriname,1987,15.2
Suriname,1988,13.3
Suriname,1989,14.6
Suriname,1990,6.9
Suriname,1991,14.8
Suriname,1992,12
Suriname,1993,17.90536304
Suriname,1994,18.03442244
Suriname,1995,13.2
Suriname,1996,5.5
Suriname,1997,7.6
Suriname,1998,7.4
Suriname,1999,12.1
Suriname,2000,11.3
Suriname,2001,16.4
Suriname,2002,15.2
Suriname,2003,17.2
Suriname,2004,15.1
Suriname,2005,15.2
Suriname,2006,23.4
Suriname,2007,24.7
Suriname,2008,30
Suriname,2009,26.4
Suriname,2010,26.7
Suriname,2011,24.4
Suriname,2012,25.7
Suriname,2013,24.3
Suriname,2014,23.9
Suriname,2015,20.74466997
Suriname,2016,20.87372937
Sweden,1979,16.05193919
Sweden,1980,15.86103819
Sweden,1981,15.67013719
Sweden,1982,15.47923619
Sweden,1983,15.28833519
Sweden,1984,15.09743419
Sweden,1985,14.90653319
Sweden,1986,14.71563218
Sweden,1987,15.7
Sweden,1988,16.2
Sweden,1989,16
Sweden,1990,14.3
Sweden,1991,14.6
Sweden,1992,13
Sweden,1993,13.3
Sweden,1994,12.4
Sweden,1995,12.8
Sweden,1996,11.8
Sweden,1997,11.6
Sweden,1998,11.4
Sweden,1999,11.6
Sweden,2000,10.5
Sweden,2001,10.8
Sweden,2002,11
Sweden,2003,10.4
Sweden,2004,10.7
Sweden,2005,11.1
Sweden,2006,10.9
Sweden,2007,10.3
Sweden,2008,10.6
Sweden,2009,11.2
Sweden,2010,10.1
Sweden,2011,10
Sweden,2012,10
Sweden,2013,10.7
Sweden,2014,9.9
Sweden,2015,10.1
Sweden,2016,9.7
Switzerland,1979,23.09731602
Switzerland,1980,22.70822511
Switzerland,1981,22.3191342
Switzerland,1982,21.93004329
Switzerland,1983,21.54095238
Switzerland,1984,21.15186147
Switzerland,1985,20.76277056
Switzerland,1986,20.37367965
Switzerland,1987,19.98458874
Switzerland,1988,19.59549784
Switzerland,1989,19.20640693
Switzerland,1990,18.81731602
Switzerland,1991,18.42822511
Switzerland,1992,18.0391342
Switzerland,1993,17.65004329
Switzerland,1994,17.26095238
Switzerland,1995,16.6
Switzerland,1996,16.7
Switzerland,1997,15.5
Switzerland,1998,15.6
Switzerland,1999,14.6
Switzerland,2000,15.4
Switzerland,2001,14.6
Switzerland,2002,15.5
Switzerland,2003,13.2
Switzerland,2004,13.1
Switzerland,2005,13.2
Switzerland,2006,13.1
Switzerland,2007,13.3
Switzerland,2008,12.6
Switzerland,2009,11.2
Switzerland,2010,9.8
Switzerland,2011,10
Switzerland,2012,9.8
Switzerland,2013,9.9
Switzerland,2014,9.2
Switzerland,2015,9.7
Switzerland,2016,8.700952381
TFYR Macedonia,1979,8.249604743
TFYR Macedonia,1980,8.186956522
TFYR Macedonia,1981,8.1243083
TFYR Macedonia,1982,8.061660079
TFYR Macedonia,1983,7.999011858
TFYR Macedonia,1984,7.936363636
TFYR Macedonia,1985,7.873715415
TFYR Macedonia,1986,7.811067194
TFYR Macedonia,1987,7.748418972
TFYR Macedonia,1988,7.685770751
TFYR Macedonia,1989,7.62312253
TFYR Macedonia,1990,7.560474308
TFYR Macedonia,1991,7.7
TFYR Macedonia,1992,7.5
TFYR Macedonia,1993,7.6
TFYR Macedonia,1994,6.5
TFYR Macedonia,1995,6.5
TFYR Macedonia,1996,7.2
TFYR Macedonia,1997,7.4
TFYR Macedonia,1998,7.3
TFYR Macedonia,1999,7.9
TFYR Macedonia,2000,6.8
TFYR Macedonia,2001,6.7
TFYR Macedonia,2002,6.8
TFYR Macedonia,2003,6.1
TFYR Macedonia,2004,7.8
TFYR Macedonia,2005,6.2
TFYR Macedonia,2006,7.1
TFYR Macedonia,2007,6.7
TFYR Macedonia,2008,6.6
TFYR Macedonia,2009,6.8
TFYR Macedonia,2010,4.8
TFYR Macedonia,2011,5
TFYR Macedonia,2012,6.8
TFYR Macedonia,2013,6.8
TFYR Macedonia,2014,6.056916996
TFYR Macedonia,2015,5.994268775
TFYR Macedonia,2016,5.931620553
Thailand,1979,7.2
Thailand,1980,8.2
Thailand,1981,7.6
Thailand,1982,7
Thailand,1983,6.8
Thailand,1984,6.2
Thailand,1985,6.1
Thailand,1986,5.6
Thailand,1987,5.9
Thailand,1988,6.725778449
Thailand,1989,6.683157199
Thailand,1990,6.8
Thailand,1991,6.3
Thailand,1992,6.1
Thailand,1993,6.512672202
Thailand,1994,4.1
Thailand,1995,7
Thailand,1996,7.1
Thailand,1997,6.6
Thailand,1998,7.7
Thailand,1999,8.1
Thailand,2000,7.9
Thailand,2001,6.171702208
Thailand,2002,7.4
Thailand,2003,6.6
Thailand,2004,6.2
Thailand,2005,5.6
Thailand,2006,5
Thailand,2007,5.5
Thailand,2008,5.5
Thailand,2009,5.5
Thailand,2010,5.4
Thailand,2011,5.5
Thailand,2012,5.6
Thailand,2013,5.5
Thailand,2014,5.4
Thailand,2015,5.6
Thailand,2016,5.5
Trinidad and Tobago,1979,5.7
Trinidad and Tobago,1980,4.3
Trinidad and Tobago,1981,5.5
Trinidad and Tobago,1982,7.5
Trinidad and Tobago,1983,9.5
Trinidad and Tobago,1984,6.6
Trinidad and Tobago,1985,2.7
Trinidad and Tobago,1986,9.6
Trinidad and Tobago,1987,10.6
Trinidad and Tobago,1988,15.1
Trinidad and Tobago,1989,15.8
Trinidad and Tobago,1990,14.8
Trinidad and Tobago,1991,12.9
Trinidad and Tobago,1992,14.1
Trinidad and Tobago,1993,14.8
Trinidad and Tobago,1994,12.6
Trinidad and Tobago,1995,15.9
Trinidad and Tobago,1996,12.4
Trinidad and Tobago,1997,13.1
Trinidad and Tobago,1998,13.8
Trinidad and Tobago,1999,11.5
Trinidad and Tobago,2000,13.2
Trinidad and Tobago,2001,13.8
Trinidad and Tobago,2002,11.8
Trinidad and Tobago,2003,10.8
Trinidad and Tobago,2004,12.6
Trinidad and Tobago,2005,10
Trinidad and Tobago,2006,10.3
Trinidad and Tobago,2007,9.3
Trinidad and Tobago,2008,14.2
Trinidad and Tobago,2009,9.1
Trinidad and Tobago,2010,11.2
Trinidad and Tobago,2011,9.7
Trinidad and Tobago,2012,13.28011364
Trinidad and Tobago,2013,13.41102941
Trinidad and Tobago,2014,13.54194519
Trinidad and Tobago,2015,13.67286096
Trinidad and Tobago,2016,13.80377674
Turkmenistan,1979,12.69545966
Turkmenistan,1980,12.4618466
Turkmenistan,1981,12.1
Turkmenistan,1982,10.1
Turkmenistan,1983,11.76100741
Turkmenistan,1984,11.52739435
Turkmenistan,1985,9.7
Turkmenistan,1986,12
Turkmenistan,1987,11.1
Turkmenistan,1988,10.2
Turkmenistan,1989,9.5
Turkmenistan,1990,10.6
Turkmenistan,1991,9.3
Turkmenistan,1992,8.6
Turkmenistan,1993,7.8
Turkmenistan,1994,7.6
Turkmenistan,1995,6.8
Turkmenistan,1996,7.7
Turkmenistan,1997,8.3
Turkmenistan,1998,10.3
Turkmenistan,1999,11.2
Turkmenistan,2000,9.2
Turkmenistan,2001,10.6
Turkmenistan,2002,9.5
Turkmenistan,2003,8.4
Turkmenistan,2004,8.6
Turkmenistan,2005,10.3
Turkmenistan,2006,10.9
Turkmenistan,2007,7.6
Turkmenistan,2008,9.5
Turkmenistan,2009,3.1
Turkmenistan,2010,3.4
Turkmenistan,2011,2.5
Turkmenistan,2012,2.5
Turkmenistan,2013,1.9
Turkmenistan,2014,2.4
Turkmenistan,2015,2.4
Turkmenistan,2016,4.051776359
Ukraine,1979,22.44281155
Ukraine,1980,22.32469263
Ukraine,1981,21.6
Ukraine,1982,22.4
Ukraine,1983,21.97033586
Ukraine,1984,21.85221694
Ukraine,1985,20.1
Ukraine,1986,16.5
Ukraine,1987,17.3
Ukraine,1988,16.9
Ukraine,1989,18.8
Ukraine,1990,18.4
Ukraine,1991,18.4
Ukraine,1992,20
Ukraine,1993,21.3
Ukraine,1994,23.7
Ukraine,1995,25.2
Ukraine,1996,26.3
Ukraine,1997,25.8
Ukraine,1998,25.7
Ukraine,1999,25
Ukraine,2000,25.3
Ukraine,2001,23
Ukraine,2002,22.2
Ukraine,2003,21.8
Ukraine,2004,20
Ukraine,2005,19
Ukraine,2006,17.8
Ukraine,2007,18.1
Ukraine,2008,17
Ukraine,2009,17.6
Ukraine,2010,16.6
Ukraine,2011,16.4
Ukraine,2012,16.6
Ukraine,2013,18.4267682
Ukraine,2014,15.3
Ukraine,2015,14.6
Ukraine,2016,18.07241143
United Kingdom,1979,7.6
United Kingdom,1980,7.8
United Kingdom,1981,7.9
United Kingdom,1982,7.8
United Kingdom,1983,7.7
United Kingdom,1984,7.7
United Kingdom,1985,7.9
United Kingdom,1986,7.5
United Kingdom,1987,7.2
United Kingdom,1988,7.7
United Kingdom,1989,6.8
United Kingdom,1990,7.3
United Kingdom,1991,7.2
United Kingdom,1992,7.3
United Kingdom,1993,7
United Kingdom,1994,6.8
United Kingdom,1995,6.7
United Kingdom,1996,6.4
United Kingdom,1997,6.4
United Kingdom,1998,6.8
United Kingdom,1999,6.8
United Kingdom,2000,6.6
United Kingdom,2001,6.4
United Kingdom,2002,6.4
United Kingdom,2003,6.1
United Kingdom,2004,6.3
United Kingdom,2005,6
United Kingdom,2006,6.1
United Kingdom,2007,5.7
United Kingdom,2008,6.2
United Kingdom,2009,6.2
United Kingdom,2010,6
United Kingdom,2011,6.3
United Kingdom,2012,6.3
United Kingdom,2013,6.6
United Kingdom,2014,6.6
United Kingdom,2015,6.7
United Kingdom,2016,5.874774775
Uruguay,1979,8.392644996
Uruguay,1980,9
Uruguay,1981,8.5
Uruguay,1982,10.4
Uruguay,1983,10.5
Uruguay,1984,10.6
Uruguay,1985,9
Uruguay,1986,8
Uruguay,1987,7.9
Uruguay,1988,8.3
Uruguay,1989,10.6
Uruguay,1990,9.5
Uruguay,1991,11.14619603
Uruguay,1992,11.37565862
Uruguay,1993,12.4
Uruguay,1994,11.9
Uruguay,1995,12.3
Uruguay,1996,11.4
Uruguay,1997,12.9
Uruguay,1998,14.8
Uruguay,1999,12.5
Uruguay,2000,15.4
Uruguay,2001,13.8
Uruguay,2002,18.5
Uruguay,2003,14.7
Uruguay,2004,14.3
Uruguay,2005,13.5
Uruguay,2006,14.3
Uruguay,2007,15.8
Uruguay,2008,14.2
Uruguay,2009,13.8
Uruguay,2010,14.6
Uruguay,2011,15.73544776
Uruguay,2012,16
Uruguay,2013,14.6
Uruguay,2014,16
Uruguay,2015,16.7
Uruguay,2016,16.88276069
Uzbekistan,1979,10.63551911
Uzbekistan,1980,10.48956752
Uzbekistan,1981,9.5
Uzbekistan,1982,9.3
Uzbekistan,1983,10.05171274
Uzbekistan,1984,9.905761143
Uzbekistan,1985,11.1
Uzbekistan,1986,9.9
Uzbekistan,1987,9.2
Uzbekistan,1988,8.4
Uzbekistan,1989,10
Uzbekistan,1990,9.4
Uzbekistan,1991,8.8
Uzbekistan,1992,7.8
Uzbekistan,1993,8
Uzbekistan,1994,8.3
Uzbekistan,1995,8.7
Uzbekistan,1996,9.5
Uzbekistan,1997,8.4
Uzbekistan,1998,8.3
Uzbekistan,1999,8.9
Uzbekistan,2000,9.2
Uzbekistan,2001,8.8
Uzbekistan,2002,7
Uzbekistan,2003,6.3
Uzbekistan,2004,5.3
Uzbekistan,2005,5.2
Uzbekistan,2006,6.694826081
Uzbekistan,2007,6.548874488
Uzbekistan,2008,6.402922894
Uzbekistan,2009,5
Uzbekistan,2010,5.1
Uzbekistan,2011,5.5
Uzbekistan,2012,6.1
Uzbekistan,2013,6.4
Uzbekistan,2014,6.8
Uzbekistan,2015,5.381261738
Uzbekistan,2016,5.235310144
Venezuela (Bolivarian Republic of),1979,5.4
Venezuela (Bolivarian Republic of),1980,6.6
Venezuela (Bolivarian Republic of),1981,5.7
Venezuela (Bolivarian Republic of),1982,5.7
Venezuela (Bolivarian Republic of),1983,6.3
Venezuela (Bolivarian Republic of),1984,6.270754821
Venezuela (Bolivarian Republic of),1985,6.1
Venezuela (Bolivarian Republic of),1986,5.9
Venezuela (Bolivarian Republic of),1987,5.4
Venezuela (Bolivarian Republic of),1988,5.8
Venezuela (Bolivarian Republic of),1989,5.9
Venezuela (Bolivarian Republic of),1990,6.2
Venezuela (Bolivarian Republic of),1991,5.557448652
Venezuela (Bolivarian Republic of),1992,5.8
Venezuela (Bolivarian Republic of),1993,5.6
Venezuela (Bolivarian Republic of),1994,6.1
Venezuela (Bolivarian Republic of),1995,5.149845127
Venezuela (Bolivarian Republic of),1996,5.3
Venezuela (Bolivarian Republic of),1997,5.4
Venezuela (Bolivarian Republic of),1998,5.6
Venezuela (Bolivarian Republic of),1999,5.9
Venezuela (Bolivarian Republic of),2000,5.9
Venezuela (Bolivarian Republic of),2001,6.2
Venezuela (Bolivarian Republic of),2002,5.8
Venezuela (Bolivarian Republic of),2003,5
Venezuela (Bolivarian Republic of),2004,4.4
Venezuela (Bolivarian Republic of),2005,4.1
Venezuela (Bolivarian Republic of),2006,3.7
Venezuela (Bolivarian Republic of),2007,3.5
Venezuela (Bolivarian Republic of),2008,3.3
Venezuela (Bolivarian Republic of),2009,2.8
Venezuela (Bolivarian Republic of),2010,2.8
Venezuela (Bolivarian Republic of),2011,2.8
Venezuela (Bolivarian Republic of),2012,2.6
Venezuela (Bolivarian Republic of),2013,2.1
Venezuela (Bolivarian Republic of),2014,3.213728382
Venezuela (Bolivarian Republic of),2015,3.111827501
Venezuela (Bolivarian Republic of),2016,3.00992662
Virgin Islands (USA),1979,1.827553038
Virgin Islands (USA),1980,3.1
Virgin Islands (USA),1981,2.160604927
Virgin Islands (USA),1982,2.327130872
Virgin Islands (USA),1983,2.493656816
Virgin Islands (USA),1984,2.660182761
Virgin Islands (USA),1985,2.826708705
Virgin Islands (USA),1986,2.99323465
Virgin Islands (USA),1987,3.159760594
Virgin Islands (USA),1988,3.326286539
Virgin Islands (USA),1989,3.492812483
Virgin Islands (USA),1990,3.659338428
Virgin Islands (USA),1991,3.825864372
Virgin Islands (USA),1992,3.992390317
Virgin Islands (USA),1993,4.158916261
Virgin Islands (USA),1994,4.325442206
Virgin Islands (USA),1995,4.49196815
Virgin Islands (USA),1996,4.658494095
Virgin Islands (USA),1997,2.6
Virgin Islands (USA),1998,4.8
Virgin Islands (USA),1999,5.8
Virgin Islands (USA),2000,4.4
Virgin Islands (USA),2001,4.3
Virgin Islands (USA),2002,2.2
Virgin Islands (USA),2003,8.2
Virgin Islands (USA),2004,4.6
Virgin Islands (USA),2005,2
Virgin Islands (USA),2006,13.5
Virgin Islands (USA),2007,9.6
Virgin Islands (USA),2008,6.2
Virgin Islands (USA),2009,7.6
Virgin Islands (USA),2010,7.4
Virgin Islands (USA),2011,6
Virgin Islands (USA),2012,10.6
Virgin Islands (USA),2013,7.489435152
Virgin Islands (USA),2014,7.655961097
Virgin Islands (USA),2015,4.1
Virgin Islands (USA),2016,7.989012986
