"LOCATION","INDICATOR","SUBJECT","MEASURE","FREQUENCY","TIME","Value","Flag Codes"
"AUS","SMOKERS","TOT","PC_POP15","A","1986",30.6,
"AUS","SMOKERS","TOT","PC_POP15","A","1989",28.6,
"AUS","SMOKERS","TOT","PC_POP15","A","1992",26,
"AUS","SMOKERS","TOT","PC_POP15","A","1995",24.1,
"AUS","SMOKERS","TOT","PC_POP15","A","1998",22.1,
"AUS","SMOKERS","TOT","PC_POP15","A","2001",19.6,
"AUS","SMOKERS","TOT","PC_POP15","A","2004",17.8,
"AUS","SMOKERS","TOT","PC_POP15","A","2007",16.9,
"AUS","SMOKERS","TOT","PC_POP15","A","2010",15.4,
"AUS","SMOKERS","TOT","PC_POP15","A","2013",13,
"AUT","SMOKERS","TOT","PC_POP15","A","1986",25.5,
"AUT","SMOKERS","TOT","PC_POP15","A","1997",24.3,
"AUT","SMOKERS","TOT","PC_POP15","A","2006",23.2,
"AUT","SMOKERS","TOT","PC_POP15","A","2014",24.3,
"BEL","SMOKERS","TOT","PC_POP15","A","1997",25.5,
"BEL","SMOKERS","TOT","PC_POP15","A","2001",24.1,
"BEL","SMOKERS","TOT","PC_POP15","A","2004",23.7,
"BEL","SMOKERS","TOT","PC_POP15","A","2008",20.5,
"BEL","SMOKERS","TOT","PC_POP15","A","2013",18.9,
"CAN","SMOKERS","TOT","PC_POP15","A","1985",30.4,
"CAN","SMOKERS","TOT","PC_POP15","A","1986",28.3,
"CAN","SMOKERS","TOT","PC_POP15","A","1988",30.8,
"CAN","SMOKERS","TOT","PC_POP15","A","1989",31,
"CAN","SMOKERS","TOT","PC_POP15","A","1990",28.2,
"CAN","SMOKERS","TOT","PC_POP15","A","1991",25.9,
"CAN","SMOKERS","TOT","PC_POP15","A","1994",25.5,
"CAN","SMOKERS","TOT","PC_POP15","A","1996",24.5,
"CAN","SMOKERS","TOT","PC_POP15","A","1998",23.8,
"CAN","SMOKERS","TOT","PC_POP15","A","2001",22.4,
"CAN","SMOKERS","TOT","PC_POP15","A","2003",18.7,
"CAN","SMOKERS","TOT","PC_POP15","A","2005",17.3,
"CAN","SMOKERS","TOT","PC_POP15","A","2007",18.2,
"CAN","SMOKERS","TOT","PC_POP15","A","2008",17.5,
"CAN","SMOKERS","TOT","PC_POP15","A","2009",16.2,
"CAN","SMOKERS","TOT","PC_POP15","A","2010",16.3,
"CAN","SMOKERS","TOT","PC_POP15","A","2011",15.7,
"CAN","SMOKERS","TOT","PC_POP15","A","2012",16.1,
"CAN","SMOKERS","TOT","PC_POP15","A","2013",14.9,
"CAN","SMOKERS","TOT","PC_POP15","A","2014",14,
"CZE","SMOKERS","TOT","PC_POP15","A","1993",26.1,
"CZE","SMOKERS","TOT","PC_POP15","A","1996",26.2,
"CZE","SMOKERS","TOT","PC_POP15","A","1999",23.5,
"CZE","SMOKERS","TOT","PC_POP15","A","2002",24.1,
"CZE","SMOKERS","TOT","PC_POP15","A","2003",27.2,"B"
"CZE","SMOKERS","TOT","PC_POP15","A","2004",25.4,
"CZE","SMOKERS","TOT","PC_POP15","A","2005",24.3,
"CZE","SMOKERS","TOT","PC_POP15","A","2006",23.4,
"CZE","SMOKERS","TOT","PC_POP15","A","2007",24,
"CZE","SMOKERS","TOT","PC_POP15","A","2008",21.8,
"CZE","SMOKERS","TOT","PC_POP15","A","2009",23.8,
"CZE","SMOKERS","TOT","PC_POP15","A","2010",22.8,
"CZE","SMOKERS","TOT","PC_POP15","A","2011",21.7,
"CZE","SMOKERS","TOT","PC_POP15","A","2012",22.9,
"CZE","SMOKERS","TOT","PC_POP15","A","2013",22.2,
"CZE","SMOKERS","TOT","PC_POP15","A","2014",22.3,
"DNK","SMOKERS","TOT","PC_POP15","A","1985",46.5,
"DNK","SMOKERS","TOT","PC_POP15","A","1986",49,
"DNK","SMOKERS","TOT","PC_POP15","A","1987",46,
"DNK","SMOKERS","TOT","PC_POP15","A","1988",44.5,
"DNK","SMOKERS","TOT","PC_POP15","A","1989",44,
"DNK","SMOKERS","TOT","PC_POP15","A","1990",44.5,
"DNK","SMOKERS","TOT","PC_POP15","A","1991",44,
"DNK","SMOKERS","TOT","PC_POP15","A","1992",42.5,
"DNK","SMOKERS","TOT","PC_POP15","A","1993",42,
"DNK","SMOKERS","TOT","PC_POP15","A","1994",37,"B"
"DNK","SMOKERS","TOT","PC_POP15","A","1995",35.5,
"DNK","SMOKERS","TOT","PC_POP15","A","1996",34,
"DNK","SMOKERS","TOT","PC_POP15","A","1997",32,
"DNK","SMOKERS","TOT","PC_POP15","A","1998",31,
"DNK","SMOKERS","TOT","PC_POP15","A","1999",31,
"DNK","SMOKERS","TOT","PC_POP15","A","2000",30.5,
"DNK","SMOKERS","TOT","PC_POP15","A","2001",29.5,
"DNK","SMOKERS","TOT","PC_POP15","A","2002",28,
"DNK","SMOKERS","TOT","PC_POP15","A","2003",28,
"DNK","SMOKERS","TOT","PC_POP15","A","2004",26,
"DNK","SMOKERS","TOT","PC_POP15","A","2005",26,
"DNK","SMOKERS","TOT","PC_POP15","A","2006",25,
"DNK","SMOKERS","TOT","PC_POP15","A","2007",24,
"DNK","SMOKERS","TOT","PC_POP15","A","2008",23,
"DNK","SMOKERS","TOT","PC_POP15","A","2009",19,
"DNK","SMOKERS","TOT","PC_POP15","A","2010",20.9,"B"
"DNK","SMOKERS","TOT","PC_POP15","A","2013",17,
"FIN","SMOKERS","TOT","PC_POP15","A","1985",22.8,
"FIN","SMOKERS","TOT","PC_POP15","A","1986",25.1,
"FIN","SMOKERS","TOT","PC_POP15","A","1987",26.7,
"FIN","SMOKERS","TOT","PC_POP15","A","1988",26.7,
"FIN","SMOKERS","TOT","PC_POP15","A","1989",25.9,
"FIN","SMOKERS","TOT","PC_POP15","A","1990",25.9,
"FIN","SMOKERS","TOT","PC_POP15","A","1991",27,
"FIN","SMOKERS","TOT","PC_POP15","A","1992",26,
"FIN","SMOKERS","TOT","PC_POP15","A","1993",23.9,
"FIN","SMOKERS","TOT","PC_POP15","A","1994",22.7,
"FIN","SMOKERS","TOT","PC_POP15","A","1995",24,
"FIN","SMOKERS","TOT","PC_POP15","A","1996",22.4,
"FIN","SMOKERS","TOT","PC_POP15","A","1997",24.1,
"FIN","SMOKERS","TOT","PC_POP15","A","1998",25.1,
"FIN","SMOKERS","TOT","PC_POP15","A","1999",23.2,
"FIN","SMOKERS","TOT","PC_POP15","A","2000",23.4,
"FIN","SMOKERS","TOT","PC_POP15","A","2001",23.8,
"FIN","SMOKERS","TOT","PC_POP15","A","2002",23.4,
"FIN","SMOKERS","TOT","PC_POP15","A","2003",22.2,
"FIN","SMOKERS","TOT","PC_POP15","A","2004",23,
"FIN","SMOKERS","TOT","PC_POP15","A","2005",21.8,
"FIN","SMOKERS","TOT","PC_POP15","A","2006",21.4,
"FIN","SMOKERS","TOT","PC_POP15","A","2007",20.6,
"FIN","SMOKERS","TOT","PC_POP15","A","2008",20.4,
"FIN","SMOKERS","TOT","PC_POP15","A","2009",18.6,
"FIN","SMOKERS","TOT","PC_POP15","A","2010",19,
"FIN","SMOKERS","TOT","PC_POP15","A","2011",17.8,
"FIN","SMOKERS","TOT","PC_POP15","A","2012",17,
"FIN","SMOKERS","TOT","PC_POP15","A","2013",15.8,
"FIN","SMOKERS","TOT","PC_POP15","A","2014",15.4,
"FRA","SMOKERS","TOT","PC_POP15","A","1988",27,
"FRA","SMOKERS","TOT","PC_POP15","A","1989",28,
"FRA","SMOKERS","TOT","PC_POP15","A","1990",31,
"FRA","SMOKERS","TOT","PC_POP15","A","1991",31,
"FRA","SMOKERS","TOT","PC_POP15","A","1992",29,
"FRA","SMOKERS","TOT","PC_POP15","A","1993",29,
"FRA","SMOKERS","TOT","PC_POP15","A","1994",28,
"FRA","SMOKERS","TOT","PC_POP15","A","1995",29,
"FRA","SMOKERS","TOT","PC_POP15","A","1996",24,
"FRA","SMOKERS","TOT","PC_POP15","A","1997",28,
"FRA","SMOKERS","TOT","PC_POP15","A","1998",28,
"FRA","SMOKERS","TOT","PC_POP15","A","1999",28,
"FRA","SMOKERS","TOT","PC_POP15","A","2000",27,
"FRA","SMOKERS","TOT","PC_POP15","A","2001",27,
"FRA","SMOKERS","TOT","PC_POP15","A","2002",26,
"FRA","SMOKERS","TOT","PC_POP15","A","2004",23.4,
"FRA","SMOKERS","TOT","PC_POP15","A","2006",25.9,
"FRA","SMOKERS","TOT","PC_POP15","A","2008",26.2,
"FRA","SMOKERS","TOT","PC_POP15","A","2010",23.3,
"FRA","SMOKERS","TOT","PC_POP15","A","2012",24.1,
"FRA","SMOKERS","TOT","PC_POP15","A","2014",22.4,
"DEU","SMOKERS","TOT","PC_POP15","A","1989",25.1,
"DEU","SMOKERS","TOT","PC_POP15","A","1992",24.8,"B"
"DEU","SMOKERS","TOT","PC_POP15","A","1995",24.3,
"DEU","SMOKERS","TOT","PC_POP15","A","1999",24.7,
"DEU","SMOKERS","TOT","PC_POP15","A","2003",24.3,
"DEU","SMOKERS","TOT","PC_POP15","A","2005",23.2,
"DEU","SMOKERS","TOT","PC_POP15","A","2009",21.9,
"DEU","SMOKERS","TOT","PC_POP15","A","2013",20.9,
"GRC","SMOKERS","TOT","PC_POP15","A","1998",37.6,
"GRC","SMOKERS","TOT","PC_POP15","A","2000",35,
"GRC","SMOKERS","TOT","PC_POP15","A","2004",38.6,
"GRC","SMOKERS","TOT","PC_POP15","A","2006",40,
"GRC","SMOKERS","TOT","PC_POP15","A","2008",39.7,
"GRC","SMOKERS","TOT","PC_POP15","A","2009",31.9,
"GRC","SMOKERS","TOT","PC_POP15","A","2014",27.3,
"HUN","SMOKERS","TOT","PC_POP15","A","1994",35.5,
"HUN","SMOKERS","TOT","PC_POP15","A","2000",30.2,
"HUN","SMOKERS","TOT","PC_POP15","A","2003",30.4,
"HUN","SMOKERS","TOT","PC_POP15","A","2009",26.5,
"HUN","SMOKERS","TOT","PC_POP15","A","2014",25.8,
"ISL","SMOKERS","TOT","PC_POP15","A","1987",33,
"ISL","SMOKERS","TOT","PC_POP15","A","1988",32.5,
"ISL","SMOKERS","TOT","PC_POP15","A","1989",31.9,
"ISL","SMOKERS","TOT","PC_POP15","A","1990",30.2,
"ISL","SMOKERS","TOT","PC_POP15","A","1991",29.8,
"ISL","SMOKERS","TOT","PC_POP15","A","1992",28.3,
"ISL","SMOKERS","TOT","PC_POP15","A","1993",26.2,
"ISL","SMOKERS","TOT","PC_POP15","A","1994",26.4,
"ISL","SMOKERS","TOT","PC_POP15","A","1995",26.5,
"ISL","SMOKERS","TOT","PC_POP15","A","1996",27.4,
"ISL","SMOKERS","TOT","PC_POP15","A","1997",26.8,
"ISL","SMOKERS","TOT","PC_POP15","A","1998",24.6,
"ISL","SMOKERS","TOT","PC_POP15","A","1999",25,
"ISL","SMOKERS","TOT","PC_POP15","A","2000",22.4,
"ISL","SMOKERS","TOT","PC_POP15","A","2001",22.9,
"ISL","SMOKERS","TOT","PC_POP15","A","2002",21.1,
"ISL","SMOKERS","TOT","PC_POP15","A","2003",21.9,
"ISL","SMOKERS","TOT","PC_POP15","A","2004",19.8,
"ISL","SMOKERS","TOT","PC_POP15","A","2005",19.2,
"ISL","SMOKERS","TOT","PC_POP15","A","2006",18.8,
"ISL","SMOKERS","TOT","PC_POP15","A","2007",19,
"ISL","SMOKERS","TOT","PC_POP15","A","2008",17.6,
"ISL","SMOKERS","TOT","PC_POP15","A","2009",15.4,
"ISL","SMOKERS","TOT","PC_POP15","A","2010",14.2,
"ISL","SMOKERS","TOT","PC_POP15","A","2011",14.3,
"ISL","SMOKERS","TOT","PC_POP15","A","2012",13.8,
"ISL","SMOKERS","TOT","PC_POP15","A","2013",11.4,
"ISL","SMOKERS","TOT","PC_POP15","A","2014",12.6,"B"
"IRL","SMOKERS","TOT","PC_POP15","A","1985",34.5,
"IRL","SMOKERS","TOT","PC_POP15","A","1986",31.5,
"IRL","SMOKERS","TOT","PC_POP15","A","1987",30.5,
"IRL","SMOKERS","TOT","PC_POP15","A","1988",28.5,
"IRL","SMOKERS","TOT","PC_POP15","A","1989",29.5,
"IRL","SMOKERS","TOT","PC_POP15","A","1990",30,
"IRL","SMOKERS","TOT","PC_POP15","A","1991",28.5,
"IRL","SMOKERS","TOT","PC_POP15","A","1992",30,
"IRL","SMOKERS","TOT","PC_POP15","A","1993",28.5,
"IRL","SMOKERS","TOT","PC_POP15","A","1994",28,
"IRL","SMOKERS","TOT","PC_POP15","A","1998",33,"B"
"IRL","SMOKERS","TOT","PC_POP15","A","2002",27,
"IRL","SMOKERS","TOT","PC_POP15","A","2007",24,
"ITA","SMOKERS","TOT","PC_POP15","A","1986",29.1,
"ITA","SMOKERS","TOT","PC_POP15","A","1990",27.8,
"ITA","SMOKERS","TOT","PC_POP15","A","1993",25.7,
"ITA","SMOKERS","TOT","PC_POP15","A","1994",25.4,
"ITA","SMOKERS","TOT","PC_POP15","A","1995",25.6,
"ITA","SMOKERS","TOT","PC_POP15","A","1996",26.4,
"ITA","SMOKERS","TOT","PC_POP15","A","1997",25.2,
"ITA","SMOKERS","TOT","PC_POP15","A","1998",24.7,
"ITA","SMOKERS","TOT","PC_POP15","A","1999",24.7,
"ITA","SMOKERS","TOT","PC_POP15","A","2000",24.4,
"ITA","SMOKERS","TOT","PC_POP15","A","2001",24.1,
"ITA","SMOKERS","TOT","PC_POP15","A","2002",24,
"ITA","SMOKERS","TOT","PC_POP15","A","2003",24.2,
"ITA","SMOKERS","TOT","PC_POP15","A","2005",22.3,
"ITA","SMOKERS","TOT","PC_POP15","A","2006",23,
"ITA","SMOKERS","TOT","PC_POP15","A","2007",22.4,
"ITA","SMOKERS","TOT","PC_POP15","A","2008",22.4,
"ITA","SMOKERS","TOT","PC_POP15","A","2009",23.3,
"ITA","SMOKERS","TOT","PC_POP15","A","2010",23.1,
"ITA","SMOKERS","TOT","PC_POP15","A","2011",22.5,
"ITA","SMOKERS","TOT","PC_POP15","A","2012",22.1,
"ITA","SMOKERS","TOT","PC_POP15","A","2013",21.1,
"ITA","SMOKERS","TOT","PC_POP15","A","2014",19.7,
"JPN","SMOKERS","TOT","PC_POP15","A","1985",39.2,
"JPN","SMOKERS","TOT","PC_POP15","A","1986",37.6,
"JPN","SMOKERS","TOT","PC_POP15","A","1987",37.5,
"JPN","SMOKERS","TOT","PC_POP15","A","1988",37.2,
"JPN","SMOKERS","TOT","PC_POP15","A","1989",28.7,
"JPN","SMOKERS","TOT","PC_POP15","A","1990",28.5,
"JPN","SMOKERS","TOT","PC_POP15","A","1991",27.8,
"JPN","SMOKERS","TOT","PC_POP15","A","1992",27.1,
"JPN","SMOKERS","TOT","PC_POP15","A","1993",24.7,
"JPN","SMOKERS","TOT","PC_POP15","A","1994",24.5,
"JPN","SMOKERS","TOT","PC_POP15","A","1995",28.2,
"JPN","SMOKERS","TOT","PC_POP15","A","1996",27.1,
"JPN","SMOKERS","TOT","PC_POP15","A","1997",28.7,
"JPN","SMOKERS","TOT","PC_POP15","A","1998",27.6,
"JPN","SMOKERS","TOT","PC_POP15","A","1999",26.2,
"JPN","SMOKERS","TOT","PC_POP15","A","2000",27,
"JPN","SMOKERS","TOT","PC_POP15","A","2001",24.4,
"JPN","SMOKERS","TOT","PC_POP15","A","2002",24,
"JPN","SMOKERS","TOT","PC_POP15","A","2003",27.7,
"JPN","SMOKERS","TOT","PC_POP15","A","2004",26.4,
"JPN","SMOKERS","TOT","PC_POP15","A","2005",24.2,
"JPN","SMOKERS","TOT","PC_POP15","A","2006",23.8,
"JPN","SMOKERS","TOT","PC_POP15","A","2007",24.1,
"JPN","SMOKERS","TOT","PC_POP15","A","2008",21.8,
"JPN","SMOKERS","TOT","PC_POP15","A","2009",23.4,
"JPN","SMOKERS","TOT","PC_POP15","A","2010",19.5,
"JPN","SMOKERS","TOT","PC_POP15","A","2011",20.1,
"JPN","SMOKERS","TOT","PC_POP15","A","2012",20.7,
"JPN","SMOKERS","TOT","PC_POP15","A","2013",19.3,
"JPN","SMOKERS","TOT","PC_POP15","A","2014",19.6,
"KOR","SMOKERS","TOT","PC_POP15","A","1989",34.6,
"KOR","SMOKERS","TOT","PC_POP15","A","1992",34.7,
"KOR","SMOKERS","TOT","PC_POP15","A","1995",35.2,
"KOR","SMOKERS","TOT","PC_POP15","A","1998",30.7,
"KOR","SMOKERS","TOT","PC_POP15","A","2001",26.1,
"KOR","SMOKERS","TOT","PC_POP15","A","2005",25.9,
"KOR","SMOKERS","TOT","PC_POP15","A","2007",24,
"KOR","SMOKERS","TOT","PC_POP15","A","2008",26.3,
"KOR","SMOKERS","TOT","PC_POP15","A","2009",25.6,
"KOR","SMOKERS","TOT","PC_POP15","A","2010",22.9,
"KOR","SMOKERS","TOT","PC_POP15","A","2011",23.2,
"KOR","SMOKERS","TOT","PC_POP15","A","2012",21.6,
"KOR","SMOKERS","TOT","PC_POP15","A","2013",19.9,
"KOR","SMOKERS","TOT","PC_POP15","A","2014",20,
"LUX","SMOKERS","TOT","PC_POP15","A","2001",26,
"LUX","SMOKERS","TOT","PC_POP15","A","2002",26,
"LUX","SMOKERS","TOT","PC_POP15","A","2003",28,
"LUX","SMOKERS","TOT","PC_POP15","A","2004",27,
"LUX","SMOKERS","TOT","PC_POP15","A","2005",23,
"LUX","SMOKERS","TOT","PC_POP15","A","2006",21,
"LUX","SMOKERS","TOT","PC_POP15","A","2007",21,
"LUX","SMOKERS","TOT","PC_POP15","A","2008",20,
"LUX","SMOKERS","TOT","PC_POP15","A","2009",19,
"LUX","SMOKERS","TOT","PC_POP15","A","2010",18.3,
"LUX","SMOKERS","TOT","PC_POP15","A","2011",16.9,
"LUX","SMOKERS","TOT","PC_POP15","A","2012",16.8,
"LUX","SMOKERS","TOT","PC_POP15","A","2013",15.7,
"LUX","SMOKERS","TOT","PC_POP15","A","2014",15.3,
"MEX","SMOKERS","TOT","PC_POP15","A","2000",12.4,"D"
"MEX","SMOKERS","TOT","PC_POP15","A","2002",14.6,"D"
"MEX","SMOKERS","TOT","PC_POP15","A","2006",13,"D"
"MEX","SMOKERS","TOT","PC_POP15","A","2008",10.8,"D"
"MEX","SMOKERS","TOT","PC_POP15","A","2009",7.6,
"MEX","SMOKERS","TOT","PC_POP15","A","2011",10.3,"D"
"MEX","SMOKERS","TOT","PC_POP15","A","2012",11.8,"D"
"NLD","SMOKERS","TOT","PC_POP15","A","1985",39,
"NLD","SMOKERS","TOT","PC_POP15","A","1986",38,
"NLD","SMOKERS","TOT","PC_POP15","A","1987",37,
"NLD","SMOKERS","TOT","PC_POP15","A","1988",33,
"NLD","SMOKERS","TOT","PC_POP15","A","1989",33,
"NLD","SMOKERS","TOT","PC_POP15","A","1990",37,
"NLD","SMOKERS","TOT","PC_POP15","A","1991",38,
"NLD","SMOKERS","TOT","PC_POP15","A","1992",37,
"NLD","SMOKERS","TOT","PC_POP15","A","1993",36,
"NLD","SMOKERS","TOT","PC_POP15","A","1994",37,
"NLD","SMOKERS","TOT","PC_POP15","A","1995",36,
"NLD","SMOKERS","TOT","PC_POP15","A","1996",36,
"NLD","SMOKERS","TOT","PC_POP15","A","1997",36,
"NLD","SMOKERS","TOT","PC_POP15","A","1998",35,
"NLD","SMOKERS","TOT","PC_POP15","A","1999",34,
"NLD","SMOKERS","TOT","PC_POP15","A","2000",32,
"NLD","SMOKERS","TOT","PC_POP15","A","2001",28.8,"B"
"NLD","SMOKERS","TOT","PC_POP15","A","2002",27.6,
"NLD","SMOKERS","TOT","PC_POP15","A","2003",26.7,
"NLD","SMOKERS","TOT","PC_POP15","A","2004",25.4,
"NLD","SMOKERS","TOT","PC_POP15","A","2005",25.2,
"NLD","SMOKERS","TOT","PC_POP15","A","2006",25.2,
"NLD","SMOKERS","TOT","PC_POP15","A","2007",23.1,
"NLD","SMOKERS","TOT","PC_POP15","A","2008",23.3,
"NLD","SMOKERS","TOT","PC_POP15","A","2009",22.6,
"NLD","SMOKERS","TOT","PC_POP15","A","2010",20.9,"B"
"NLD","SMOKERS","TOT","PC_POP15","A","2011",20.8,
"NLD","SMOKERS","TOT","PC_POP15","A","2012",18.4,
"NLD","SMOKERS","TOT","PC_POP15","A","2013",18.5,
"NLD","SMOKERS","TOT","PC_POP15","A","2014",19.1,"B"
"NZL","SMOKERS","TOT","PC_POP15","A","1985",30,
"NZL","SMOKERS","TOT","PC_POP15","A","1986",30,
"NZL","SMOKERS","TOT","PC_POP15","A","1987",30,
"NZL","SMOKERS","TOT","PC_POP15","A","1988",29,
"NZL","SMOKERS","TOT","PC_POP15","A","1989",27,
"NZL","SMOKERS","TOT","PC_POP15","A","1990",28,
"NZL","SMOKERS","TOT","PC_POP15","A","1991",26,
"NZL","SMOKERS","TOT","PC_POP15","A","1992",27,
"NZL","SMOKERS","TOT","PC_POP15","A","1993",27,
"NZL","SMOKERS","TOT","PC_POP15","A","1994",27,
"NZL","SMOKERS","TOT","PC_POP15","A","1995",27,
"NZL","SMOKERS","TOT","PC_POP15","A","1996",26,
"NZL","SMOKERS","TOT","PC_POP15","A","1997",26,
"NZL","SMOKERS","TOT","PC_POP15","A","1998",25,
"NZL","SMOKERS","TOT","PC_POP15","A","1999",26,
"NZL","SMOKERS","TOT","PC_POP15","A","2000",25,
"NZL","SMOKERS","TOT","PC_POP15","A","2001",25,
"NZL","SMOKERS","TOT","PC_POP15","A","2002",25,
"NZL","SMOKERS","TOT","PC_POP15","A","2003",23,
"NZL","SMOKERS","TOT","PC_POP15","A","2004",22,
"NZL","SMOKERS","TOT","PC_POP15","A","2005",22.5,
"NZL","SMOKERS","TOT","PC_POP15","A","2006",20.7,
"NZL","SMOKERS","TOT","PC_POP15","A","2007",18.1,
"NZL","SMOKERS","TOT","PC_POP15","A","2012",16.3,
"NZL","SMOKERS","TOT","PC_POP15","A","2013",15.6,
"NZL","SMOKERS","TOT","PC_POP15","A","2014",15.7,
"NOR","SMOKERS","TOT","PC_POP15","A","1985",37,
"NOR","SMOKERS","TOT","PC_POP15","A","1986",35,
"NOR","SMOKERS","TOT","PC_POP15","A","1987",36,
"NOR","SMOKERS","TOT","PC_POP15","A","1988",38,
"NOR","SMOKERS","TOT","PC_POP15","A","1989",36,
"NOR","SMOKERS","TOT","PC_POP15","A","1990",35,
"NOR","SMOKERS","TOT","PC_POP15","A","1991",34,
"NOR","SMOKERS","TOT","PC_POP15","A","1992",35,
"NOR","SMOKERS","TOT","PC_POP15","A","1993",37,
"NOR","SMOKERS","TOT","PC_POP15","A","1994",33,
"NOR","SMOKERS","TOT","PC_POP15","A","1995",33,
"NOR","SMOKERS","TOT","PC_POP15","A","1996",33,
"NOR","SMOKERS","TOT","PC_POP15","A","1997",34,
"NOR","SMOKERS","TOT","PC_POP15","A","1998",33,
"NOR","SMOKERS","TOT","PC_POP15","A","1999",32,
"NOR","SMOKERS","TOT","PC_POP15","A","2000",32,
"NOR","SMOKERS","TOT","PC_POP15","A","2001",30,
"NOR","SMOKERS","TOT","PC_POP15","A","2002",29,
"NOR","SMOKERS","TOT","PC_POP15","A","2003",26,
"NOR","SMOKERS","TOT","PC_POP15","A","2004",26,
"NOR","SMOKERS","TOT","PC_POP15","A","2005",25,
"NOR","SMOKERS","TOT","PC_POP15","A","2006",24,
"NOR","SMOKERS","TOT","PC_POP15","A","2007",22,
"NOR","SMOKERS","TOT","PC_POP15","A","2008",21,
"NOR","SMOKERS","TOT","PC_POP15","A","2009",21,
"NOR","SMOKERS","TOT","PC_POP15","A","2010",19,
"NOR","SMOKERS","TOT","PC_POP15","A","2011",17,
"NOR","SMOKERS","TOT","PC_POP15","A","2012",16,
"NOR","SMOKERS","TOT","PC_POP15","A","2013",15,
"NOR","SMOKERS","TOT","PC_POP15","A","2014",13,
"POL","SMOKERS","TOT","PC_POP15","A","1996",31.5,
"POL","SMOKERS","TOT","PC_POP15","A","2001",27.6,
"POL","SMOKERS","TOT","PC_POP15","A","2004",26.3,
"POL","SMOKERS","TOT","PC_POP15","A","2009",23.8,
"POL","SMOKERS","TOT","PC_POP15","A","2014",22.7,
"PRT","SMOKERS","TOT","PC_POP15","A","1987",19,
"PRT","SMOKERS","TOT","PC_POP15","A","1996",19.5,
"PRT","SMOKERS","TOT","PC_POP15","A","1999",20.6,
"PRT","SMOKERS","TOT","PC_POP15","A","2006",18.6,
"PRT","SMOKERS","TOT","PC_POP15","A","2014",16.8,
"SVK","SMOKERS","TOT","PC_POP15","A","2003",22.1,
"SVK","SMOKERS","TOT","PC_POP15","A","2009",19.5,
"SVK","SMOKERS","TOT","PC_POP15","A","2014",22.9,
"ESP","SMOKERS","TOT","PC_POP15","A","1985",41,
"ESP","SMOKERS","TOT","PC_POP15","A","1987",38.4,
"ESP","SMOKERS","TOT","PC_POP15","A","1989",35.9,
"ESP","SMOKERS","TOT","PC_POP15","A","1993",32.1,
"ESP","SMOKERS","TOT","PC_POP15","A","1995",33.7,
"ESP","SMOKERS","TOT","PC_POP15","A","1997",33.2,
"ESP","SMOKERS","TOT","PC_POP15","A","2001",31.7,
"ESP","SMOKERS","TOT","PC_POP15","A","2003",28.1,
"ESP","SMOKERS","TOT","PC_POP15","A","2006",26.4,
"ESP","SMOKERS","TOT","PC_POP15","A","2009",26.2,
"ESP","SMOKERS","TOT","PC_POP15","A","2011",23.9,
"ESP","SMOKERS","TOT","PC_POP15","A","2014",23,
"SWE","SMOKERS","TOT","PC_POP15","A","1985",28.5,
"SWE","SMOKERS","TOT","PC_POP15","A","1986",27.6,
"SWE","SMOKERS","TOT","PC_POP15","A","1987",27.7,
"SWE","SMOKERS","TOT","PC_POP15","A","1988",27,
"SWE","SMOKERS","TOT","PC_POP15","A","1989",25.9,
"SWE","SMOKERS","TOT","PC_POP15","A","1990",25.8,
"SWE","SMOKERS","TOT","PC_POP15","A","1991",25.1,
"SWE","SMOKERS","TOT","PC_POP15","A","1992",25.9,
"SWE","SMOKERS","TOT","PC_POP15","A","1993",23.3,
"SWE","SMOKERS","TOT","PC_POP15","A","1994",22.7,
"SWE","SMOKERS","TOT","PC_POP15","A","1995",22.8,
"SWE","SMOKERS","TOT","PC_POP15","A","1996",22.3,
"SWE","SMOKERS","TOT","PC_POP15","A","1997",19.2,
"SWE","SMOKERS","TOT","PC_POP15","A","1998",19.1,
"SWE","SMOKERS","TOT","PC_POP15","A","1999",19.3,
"SWE","SMOKERS","TOT","PC_POP15","A","2000",18.9,
"SWE","SMOKERS","TOT","PC_POP15","A","2001",18.9,
"SWE","SMOKERS","TOT","PC_POP15","A","2002",17.5,
"SWE","SMOKERS","TOT","PC_POP15","A","2003",17.2,
"SWE","SMOKERS","TOT","PC_POP15","A","2004",15.9,
"SWE","SMOKERS","TOT","PC_POP15","A","2005",15.7,
"SWE","SMOKERS","TOT","PC_POP15","A","2006",15.2,
"SWE","SMOKERS","TOT","PC_POP15","A","2007",13.8,
"SWE","SMOKERS","TOT","PC_POP15","A","2008",14.6,
"SWE","SMOKERS","TOT","PC_POP15","A","2009",14,
"SWE","SMOKERS","TOT","PC_POP15","A","2010",13.6,
"SWE","SMOKERS","TOT","PC_POP15","A","2011",13.1,
"SWE","SMOKERS","TOT","PC_POP15","A","2012",12.8,
"SWE","SMOKERS","TOT","PC_POP15","A","2013",10.7,
"SWE","SMOKERS","TOT","PC_POP15","A","2014",11.9,
"CHE","SMOKERS","TOT","PC_POP15","A","1992",27.6,
"CHE","SMOKERS","TOT","PC_POP15","A","1997",28.8,
"CHE","SMOKERS","TOT","PC_POP15","A","2002",26.4,
"CHE","SMOKERS","TOT","PC_POP15","A","2007",20.4,
"CHE","SMOKERS","TOT","PC_POP15","A","2012",20.4,
"TUR","SMOKERS","TOT","PC_POP15","A","1989",47.4,
"TUR","SMOKERS","TOT","PC_POP15","A","1995",43.6,
"TUR","SMOKERS","TOT","PC_POP15","A","2003",32.1,
"TUR","SMOKERS","TOT","PC_POP15","A","2006",33.4,
"TUR","SMOKERS","TOT","PC_POP15","A","2008",27.4,
"TUR","SMOKERS","TOT","PC_POP15","A","2010",25.4,
"TUR","SMOKERS","TOT","PC_POP15","A","2012",23.8,
"TUR","SMOKERS","TOT","PC_POP15","A","2014",27.3,
"GBR","SMOKERS","TOT","PC_POP15","A","1986",33,
"GBR","SMOKERS","TOT","PC_POP15","A","1988",32,
"GBR","SMOKERS","TOT","PC_POP15","A","1990",30,
"GBR","SMOKERS","TOT","PC_POP15","A","1992",29,
"GBR","SMOKERS","TOT","PC_POP15","A","1994",27,
"GBR","SMOKERS","TOT","PC_POP15","A","1996",28,
"GBR","SMOKERS","TOT","PC_POP15","A","1998",27,
"GBR","SMOKERS","TOT","PC_POP15","A","2000",27,
"GBR","SMOKERS","TOT","PC_POP15","A","2001",27,
"GBR","SMOKERS","TOT","PC_POP15","A","2002",26,
"GBR","SMOKERS","TOT","PC_POP15","A","2003",26,
"GBR","SMOKERS","TOT","PC_POP15","A","2004",25,
"GBR","SMOKERS","TOT","PC_POP15","A","2005",24,
"GBR","SMOKERS","TOT","PC_POP15","A","2006",22,
"GBR","SMOKERS","TOT","PC_POP15","A","2007",21,
"GBR","SMOKERS","TOT","PC_POP15","A","2008",21,
"GBR","SMOKERS","TOT","PC_POP15","A","2009",21,
"GBR","SMOKERS","TOT","PC_POP15","A","2010",20,
"GBR","SMOKERS","TOT","PC_POP15","A","2011",20,
"GBR","SMOKERS","TOT","PC_POP15","A","2012",20,
"GBR","SMOKERS","TOT","PC_POP15","A","2013",19,
"GBR","SMOKERS","TOT","PC_POP15","A","2014",19,
"USA","SMOKERS","TOT","PC_POP15","A","1985",30.1,
"USA","SMOKERS","TOT","PC_POP15","A","1987",28.8,
"USA","SMOKERS","TOT","PC_POP15","A","1988",28.1,
"USA","SMOKERS","TOT","PC_POP15","A","1990",25.5,
"USA","SMOKERS","TOT","PC_POP15","A","1991",22.1,"B"
"USA","SMOKERS","TOT","PC_POP15","A","1992",22.3,
"USA","SMOKERS","TOT","PC_POP15","A","1993",20.4,
"USA","SMOKERS","TOT","PC_POP15","A","1994",21,
"USA","SMOKERS","TOT","PC_POP15","A","1995",20,
"USA","SMOKERS","TOT","PC_POP15","A","1997",20.3,
"USA","SMOKERS","TOT","PC_POP15","A","1998",19.9,
"USA","SMOKERS","TOT","PC_POP15","A","1999",19.2,
"USA","SMOKERS","TOT","PC_POP15","A","2000",19.1,
"USA","SMOKERS","TOT","PC_POP15","A","2001",18.7,
"USA","SMOKERS","TOT","PC_POP15","A","2002",18.4,
"USA","SMOKERS","TOT","PC_POP15","A","2003",17.5,
"USA","SMOKERS","TOT","PC_POP15","A","2004",17,
"USA","SMOKERS","TOT","PC_POP15","A","2005",16.9,
"USA","SMOKERS","TOT","PC_POP15","A","2006",16.7,
"USA","SMOKERS","TOT","PC_POP15","A","2007",15.4,
"USA","SMOKERS","TOT","PC_POP15","A","2008",16.5,
"USA","SMOKERS","TOT","PC_POP15","A","2009",16.1,
"USA","SMOKERS","TOT","PC_POP15","A","2010",15.1,
"USA","SMOKERS","TOT","PC_POP15","A","2011",14.8,
"USA","SMOKERS","TOT","PC_POP15","A","2012",14.2,
"USA","SMOKERS","TOT","PC_POP15","A","2013",13.7,
"USA","SMOKERS","TOT","PC_POP15","A","2014",12.9,
"BRA","SMOKERS","TOT","PC_POP15","A","2003",17.6,
"BRA","SMOKERS","TOT","PC_POP15","A","2006",15.7,
"BRA","SMOKERS","TOT","PC_POP15","A","2007",15.6,
"BRA","SMOKERS","TOT","PC_POP15","A","2008",14.8,
"BRA","SMOKERS","TOT","PC_POP15","A","2009",14.3,
"BRA","SMOKERS","TOT","PC_POP15","A","2010",14.1,
"BRA","SMOKERS","TOT","PC_POP15","A","2011",13.4,
"BRA","SMOKERS","TOT","PC_POP15","A","2012",12.1,
"BRA","SMOKERS","TOT","PC_POP15","A","2013",11.3,
"BRA","SMOKERS","TOT","PC_POP15","A","2014",8.7,"D"
"CHL","SMOKERS","TOT","PC_POP15","A","2003",33,
"CHL","SMOKERS","TOT","PC_POP15","A","2009",29.8,
"CHN","SMOKERS","TOT","PC_POP15","A","2000",29.7,
"CHN","SMOKERS","TOT","PC_POP15","A","2005",27.9,
"CHN","SMOKERS","TOT","PC_POP15","A","2009",26.5,
"CHN","SMOKERS","TOT","PC_POP15","A","2010",26.2,
"CHN","SMOKERS","TOT","PC_POP15","A","2012",25.5,
"EST","SMOKERS","TOT","PC_POP15","A","1990",27.5,
"EST","SMOKERS","TOT","PC_POP15","A","1992",30.9,
"EST","SMOKERS","TOT","PC_POP15","A","1994",33.5,
"EST","SMOKERS","TOT","PC_POP15","A","1996",31.9,
"EST","SMOKERS","TOT","PC_POP15","A","1998",29.7,
"EST","SMOKERS","TOT","PC_POP15","A","2000",30.3,
"EST","SMOKERS","TOT","PC_POP15","A","2002",28.3,
"EST","SMOKERS","TOT","PC_POP15","A","2004",32.8,
"EST","SMOKERS","TOT","PC_POP15","A","2006",27.8,
"EST","SMOKERS","TOT","PC_POP15","A","2008",26.2,
"EST","SMOKERS","TOT","PC_POP15","A","2010",26.2,
"EST","SMOKERS","TOT","PC_POP15","A","2012",26,
"EST","SMOKERS","TOT","PC_POP15","A","2014",22.1,
"IND","SMOKERS","TOT","PC_POP15","A","2000",21.6,
"IND","SMOKERS","TOT","PC_POP15","A","2005",17.1,
"IND","SMOKERS","TOT","PC_POP15","A","2010",13.7,
"IND","SMOKERS","TOT","PC_POP15","A","2012",12.6,
"IDN","SMOKERS","TOT","PC_POP15","A","2000",31.1,
"IDN","SMOKERS","TOT","PC_POP15","A","2005",33.5,
"IDN","SMOKERS","TOT","PC_POP15","A","2010",36.3,
"IDN","SMOKERS","TOT","PC_POP15","A","2012",37.9,
"ISR","SMOKERS","TOT","PC_POP15","A","1996",24.5,
"ISR","SMOKERS","TOT","PC_POP15","A","2000",24.1,
"ISR","SMOKERS","TOT","PC_POP15","A","2002",21.9,"B"
"ISR","SMOKERS","TOT","PC_POP15","A","2004",21.6,
"ISR","SMOKERS","TOT","PC_POP15","A","2006",19.5,
"ISR","SMOKERS","TOT","PC_POP15","A","2008",18.7,
"ISR","SMOKERS","TOT","PC_POP15","A","2010",18.5,
"ISR","SMOKERS","TOT","PC_POP15","A","2013",16.2,
"ISR","SMOKERS","TOT","PC_POP15","A","2014",17.1,
"RUS","SMOKERS","TOT","PC_POP15","A","1991",30,
"RUS","SMOKERS","TOT","PC_POP15","A","1998",33.9,
"RUS","SMOKERS","TOT","PC_POP15","A","2000",34.9,
"RUS","SMOKERS","TOT","PC_POP15","A","2001",35.1,
"RUS","SMOKERS","TOT","PC_POP15","A","2004",35.8,
"RUS","SMOKERS","TOT","PC_POP15","A","2009",39.4,"B"
"SVN","SMOKERS","TOT","PC_POP15","A","2001",22.4,
"SVN","SMOKERS","TOT","PC_POP15","A","2007",18.9,
"SVN","SMOKERS","TOT","PC_POP15","A","2014",18.9,
"ZAF","SMOKERS","TOT","PC_POP15","A","2000",23.9,
"ZAF","SMOKERS","TOT","PC_POP15","A","2005",22,
"ZAF","SMOKERS","TOT","PC_POP15","A","2010",20.3,
"ZAF","SMOKERS","TOT","PC_POP15","A","2012",19.8,
"COL","SMOKERS","TOT","PC_POP15","A","2008",17.1,
"COL","SMOKERS","TOT","PC_POP15","A","2013",16.2,
"LVA","SMOKERS","TOT","PC_POP15","A","2008",27.9,
"LVA","SMOKERS","TOT","PC_POP15","A","2014",24.1,
"LTU","SMOKERS","TOT","PC_POP15","A","2005",24.5,
"LTU","SMOKERS","TOT","PC_POP15","A","2014",20.4,
"CRI","SMOKERS","TOT","PC_POP15","A","2000",20.8,
"CRI","SMOKERS","TOT","PC_POP15","A","2005",17.7,
"CRI","SMOKERS","TOT","PC_POP15","A","2010",15.4,
"CRI","SMOKERS","TOT","PC_POP15","A","2012",14.5,
